station,longitude,latitude,z
690020-93218,-121.233,36.0,-0.5083677788319534
690070-93217,-121.767,36.683,-0.10621770702415745
690110-99999,-82.835,42.608,-2.4190194739208692
690140-93101,-117.733,33.667,0.0
690150-93121,-116.167,34.3,-2.125022125186618
690170-99999,-115.567,36.533,1.8508338979860355
690190-13910,-99.85,32.433,1.9253755454778911
690230-24255,-122.667,48.35,-1.6306451612903174
691174-99999,-76.167,39.467,-0.510806451612936
694300-99999,-113.067,41.05,0.5505000000000138
699604-03145,-114.617,32.65,-0.21903225806453008
700197-99999,-160.0,66.617,1.8990406732117862
700260-27502,-156.782,71.283,2.434516129032261
700300-27508,-159.85,70.617,-1.6563972803146996
700450-27512,-153.25,70.917,-0.3112871266427675
700630-27403,-149.883,70.5,-1.145563542241959
700634-99999,-149.583,70.317,1.0406451612903282
700635-99999,-149.483,68.483,-5.928115031194075
700636-27405,-148.333,70.25,2.1199044645565834
700637-27406,-148.477,70.192,0.9292291149710437
700638-99999,-163.417,54.85,2.738161325771003
700860-27401,-143.577,70.134,1.9435324752905387
701040-99999,-166.133,68.883,2.1607637529813033
701043-99999,-166.8,68.35,3.4342751049251703
701170-99999,-167.917,65.567,-0.27978304500445716
701190-99999,-166.867,65.25,0.2269487002530468
701195-99999,-166.083,66.25,0.9560054526998343
701210-26638,-162.917,69.817,-1.3232261777432868
701330-26616,-162.633,66.867,-1.3374193548387012
701333-26643,-162.764,66.069,0.5757133995037265
701620-26508,-152.133,69.367,0.7792910906298118
701625-99999,-151.733,68.133,-0.5449769585253534
701718-99999,-157.85,67.1,-0.5986299062450229
701730-99999,-153.7,66.0,0.8330038579514678
701740-26533,-151.31,66.54,3.361311827956996
701745-99999,-148.483,67.5,-2.4341072364172476
701748-99999,-150.65,66.817,-4.8144562211981565
701780-26529,-152.107,65.175,-0.30322580645162134
701793-99999,-150.65,65.0,-0.5529766654307551
701795-99999,-149.833,65.933,-4.56095671116055
701940-26413,-145.267,66.567,0.4120480831012969
702000-26617,-165.44,64.511,1.3732365591397837
702005-99999,-163.3,62.05,-0.3895733648792614
702031-26620,-162.05,64.7,1.902002224694101
702035-99999,-170.483,63.683,0.894389638376289
702040-26703,-171.733,63.767,0.9989226271400966
702060-26632,-168.967,63.317,0.5340322580645207
702070-26627,-160.8,63.883,-0.16821065493646614
702075-99999,-160.183,62.65,0.3573548387096821
702084-99999,-164.483,62.783,-2.022116228314786
702120-26633,-166.033,61.783,-0.6953902626850237
702185-99999,-166.267,60.367,1.7747933005552383
702186-99999,-166.133,61.517,2.4548064516129102
702190-26615,-161.829,60.785,4.419677419354841
702220-99999,-156.933,64.733,1.7487096774193702
702225-99999,-156.383,65.7,0.0
702310-26510,-155.61,62.957,0.10358064516127286
702315-99999,-155.967,62.883,2.5024415223264143
702320-26516,-159.533,61.583,-0.8681422534331205
702350-99999,-155.567,61.1,2.3661957730812233
702460-26512,-152.302,63.886,-0.5662875855327343
702480-99999,-153.883,62.517,0.001403162055353846
702490-99999,-152.75,62.1,1.3578280757474488
702495-99999,-152.083,61.983,3.1352285298025038
702510-26528,-150.095,62.32,0.18064516129034303
702550-26514,-151.217,61.977,0.2893389901823298
702590-26523,-151.239,60.58,2.1361290322580615
702595-99999,-151.033,60.467,2.1309784946236476
702600-26435,-149.072,64.55,3.424888420892202
702606-99999,-149.833,62.883,0.6221063931729063
702607-99999,-135.417,58.12,1.2414626626748486
702610-26411,-147.876,64.804,2.1048387096774093
702615-99999,-147.617,64.833,-0.6993382066982718
702647-99999,-148.97,63.87,1.494002182907522
702648-99999,-148.95,63.4,1.0514825474265095
702650-99999,-147.067,64.65,0.43404637631554976
702670-26415,-145.721,63.994,1.5490322580645142
702674-99999,-144.067,65.833,1.4625137894784785
702675-99999,-145.5,63.033,0.06997447347097818
702680-99999,-145.967,62.1,-0.8481763047324051
702695-99999,-148.883,61.717,-0.3285825662663342
702700-99999,-149.65,61.267,-0.986401018128916
702710-26425,-145.459,62.159,1.2338709677419075
702716-99999,-147.55,61.817,-0.4415600614439228
702717-99999,-159.983,66.6,-3.1212048043409126
702720-99999,-149.8,61.25,1.6370967741935658
702725-26491,-149.966,61.178,-0.0035483870967567555
702730-26451,-150.028,61.169,0.4187096774193577
702735-26409,-149.855,61.217,1.767741935483869
702740-25331,-149.092,61.596,-0.22516129032258902
702740-99999,-149.089,61.595,-1.0405545844589028
702745-99999,-150.052,61.754,1.3807429479040394
702746-99999,-149.5,61.417,0.26935483870968824
702750-26442,-146.352,61.13,1.611873449131508
702755-99999,-142.933,61.433,0.1023007426389313
702756-99999,-146.25,61.133,0.7770556295762034
702757-99999,-148.683,60.767,2.2338494623655833
702770-99999,-149.45,60.117,1.8937008845807526
702910-26412,-141.938,62.962,1.1616129032258016
702913-99999,-143.0,62.4,-0.1687888409328906
702915-99999,-143.983,62.7,0.3125123512324066
702960-26410,-145.451,60.489,1.3170967741935442
702980-26445,-142.5,60.083,0.0
702986-99999,-152.3,60.817,4.120019695841535
703050-99999,-162.067,58.65,1.4017769281002046
703080-25713,-170.222,57.155,2.4637015202076356
703160-25624,-162.733,55.221,0.958064516129042
703165-99999,-160.5,55.333,0.9126247682610327
703210-99999,-158.517,59.05,0.11378605858359236
703260-25503,-156.656,58.683,2.481935483870963
703330-99999,-158.617,56.95,0.2981013824884826
703400-25506,-154.909,59.749,0.3454159024705987
703406-99999,-154.317,60.2,1.6081472694528287
703407-99999,-157.15,61.717,0.0
703410-25507,-151.491,59.642,-0.7938172043010709
703430-25402,-146.333,59.433,0.6350107526881814
703430-25403,-146.333,59.433,0.1059466571379275
703500-25501,-152.486,57.751,1.6599999999999895
703604-99999,-151.478,59.645,-1.019032258064513
703606-99999,-160.383,59.05,2.4185834312829115
703610-25339,-139.671,59.512,1.9709677419355032
703620-25335,-135.324,59.456,-2.517330759509065
703625-99999,-135.433,59.233,-1.4741655930276636
703626-25323,-135.509,59.243,-0.8861562630917348
703670-25322,-135.709,58.411,-0.32474781095803706
703675-99999,-135.25,58.167,0.0
703710-25333,-135.365,57.048,-1.7522580645161412
703810-25309,-134.564,58.357,-2.186129032258073
703816-99999,-134.9,58.25,0.5834480286738426
703817-99999,-136.35,58.2,1.1959846103254108
703830-25310,-134.586,57.499,3.609235812543133
703855-99999,-133.9,56.95,1.205920937991415
703860-25329,-132.937,56.806,-0.04931778103965456
703870-99999,-132.37,56.484,0.6449451242120929
703884-99999,-132.833,55.2,0.1778448275861919
703886-99999,-134.65,56.247,0.31617589390344847
703894-25367,-133.075,55.58,-0.4670967741935641
703950-25325,-131.712,55.357,1.347076652203988
703980-25308,-131.579,55.039,0.8109677419354853
704140-99999,174.1,52.717,0.6678974444235237
704540-25704,-176.65,51.883,0.05479859040391233
704545-99999,179.267,51.383,-0.5002616985797346
704820-25626,-168.85,52.95,1.8563608853141673
704890-99999,-166.55,53.9,-0.09705760368662908
704896-25625,-160.517,56.0,0.0
711680-99999,-96.633,43.733,0.0
722010-12836,-81.752,24.555,1.0000000000000284
722015-12850,-81.683,24.583,1.5044838709677464
722016-99999,-81.05,24.733,1.8100499121598688
722020-12839,-80.316,25.791,2.613741935483901
722025-12849,-80.154,26.072,1.4405529953916982
722026-12826,-80.383,25.483,0.5251612903225578
722029-99999,-80.433,25.65,0.9190648045153154
722030-12844,-80.099,26.685,1.1845161290322324
722038-12897,-81.775,26.152,0.46597022332507265
722038-99999,-81.775,26.153,-0.22561290322580874
722040-12838,-80.644,28.101,0.08140860215054602
722045-12843,-80.243,27.653,0.11143548387094881
722046-99999,-80.8,28.517,0.13964193548387982
722050-12815,-81.325,28.434,2.320967741935462
722051-12841,-81.333,28.545,-0.5024193548387075
722053-12841,-81.333,28.545,1.5476151279199115
722055-99999,-82.217,29.167,-0.022073732718908445
722056-12834,-81.048,29.183,1.2122580645161491
722057-12854,-81.244,28.78,2.525483870967733
722059-99999,-88.3,42.683,-2.2358965486126863
722060-13889,-81.694,30.495,-0.800000000000054
722065-93837,-81.667,30.233,1.0025806451612738
722066-03853,-81.417,30.4,1.4137524208532568
722067-93832,-81.883,30.217,0.3131827956989355
722068-99999,-81.517,30.333,1.6150824372760155
722070-03822,-81.21,32.13,1.898387096774215
722076-99999,-87.596,40.199,-1.7032258064516128
722080-13880,-80.04,32.899,1.551935483870949
722085-93831,-80.717,32.483,2.644539170506917
722090-99999,-81.567,31.883,1.5430486257080958
722103-99999,-80.367,27.483,0.0
722104-92806,-82.626,27.763,0.47285410299943464
722106-12835,-81.861,26.585,-0.35096774193550573
722108-99999,-81.75,26.533,1.7997329731447707
722110-12842,-82.54,27.962,0.11419354838709239
722115-99999,-82.55,27.383,0.906129032258093
722116-99999,-82.683,27.9,-1.231290322580648
722119-99999,-82.017,27.983,-0.4101397849462671
722120-12833,-83.105,29.633,1.965781426302101
722123-99999,-81.783,27.95,-0.5220967741935567
722130-13861,-82.4,31.25,-0.6775483870967491
722135-13870,-82.507,31.536,0.7185806451612677
722136-99999,-81.467,31.25,0.6127303556658319
722137-13878,-81.391,31.152,0.3504516129031998
722138-13835,-89.45,30.367,0.7676267110427943
722140-93805,-84.353,30.393,1.9132258064516208
722146-12816,-82.276,29.692,-0.5593548387096945
722160-13869,-84.194,31.536,2.528709677419357
722165-13815,-89.783,34.983,-1.1985553997195098
722166-93845,-83.277,30.783,2.8448387096774184
722167-99999,-78.05,38.25,-2.656129032258079
722170-03813,-83.653,32.685,1.6390908004778737
722175-13860,-83.6,32.633,2.1406699751860856
722180-03820,-81.963,33.364,3.0454767025089637
722190-13874,-84.442,33.63,1.9945161290322488
722195-99999,-84.517,33.767,0.9322094770586915
722196-99999,-84.3,33.867,2.48143369175628
722197-99999,-84.572,33.357,0.0
722200-12832,-85.033,29.733,1.3561290322580817
722210-13858,-86.517,30.483,-0.24483870967743826
722210-99999,-86.517,30.483,0.0903225806451502
722215-13884,-86.523,30.78,1.7583333333333542
722220-13899,-87.187,30.478,0.27032258064518544
722223-13899,-87.187,30.478,-0.7429032258064581
722225-03855,-87.317,30.35,-0.8083602150537814
722226-93841,-87.017,30.717,-0.22670953092146817
722230-13894,-88.246,30.688,0.5990322580645113
722235-13838,-88.068,30.626,0.19053392658508983
722244-99999,-76.922,38.981,0.0
722245-99999,-85.683,30.2,0.09814324558148257
722246-03844,-86.517,30.65,-0.5771139480741567
722250-13829,-85.0,32.35,1.5855760368663567
722255-93842,-84.942,32.516,1.7190322580645017
722260-13895,-86.408,32.3,3.469354838709677
722265-13821,-86.35,32.383,1.8261290322580237
722266-13850,-86.983,32.35,-2.9811469534050445
722267-03878,-86.012,31.861,1.5780343988876808
722268-93843,-85.45,31.317,1.5761290322580663
722269-03850,-85.717,31.267,0.7564516129031915
722270-13864,-84.517,33.917,0.05612903225804189
722275-99999,-86.394,31.309,0.3361215230538477
722280-13876,-86.745,33.566,1.0518602150537504
722284-99999,-85.433,32.616,1.0715795328142121
722285-99999,-86.083,33.967,1.0322084367245594
722286-93806,-87.616,33.212,1.6569844271412535
722287-13871,-85.856,33.587,-0.06918202764977366
722290-03881,-87.25,32.9,0.0
722293-99999,-93.3,29.783,0.0
722295-99999,-90.583,28.533,1.7393379881994804
722300-53864,-86.782,33.178,-0.48193548387098417
722308-99999,-90.2,29.1,2.3973333333333215
722310-12916,-90.251,29.993,1.9267204301075367
722314-03934,-91.883,30.033,-0.5586008147999451
722315-53917,-90.029,30.049,1.2155481222522155
722316-12958,-90.017,29.817,-1.412518518518553
722317-13970,-91.147,30.537,1.6899999999999977
722320-12884,-89.408,29.333,-0.2327945041816264
722328-99999,-91.1,29.7,1.5190313715322645
722329-99999,-91.333,29.717,1.8774923963133574
722336-99999,-93.667,28.133,5.16132427843803
722340-13865,-88.744,32.335,1.002580645161288
722345-03866,-88.567,32.55,0.8208858111266721
722348-99999,-89.333,31.467,1.5610871020710704
722350-03940,-90.078,32.321,0.04935483870964674
722356-13939,-90.985,33.483,-0.16819354838712286
722357-99999,-91.3,31.617,2.125323722686886
722358-93919,-90.471,31.183,0.45645161290320857
722359-13978,-90.087,33.496,1.5987096774193645
722390-03931,-93.183,31.05,3.7923173831078003
722398-99999,-91.983,28.3,1.6596536796536867
722400-03937,-93.228,30.125,1.3925806451612743
722403-99999,-91.533,29.56,-0.2018228788831351
722404-13941,-93.143,30.21,3.987542931982503
722405-13976,-91.988,30.205,1.4396774193548083
722406-99999,-90.66,29.567,0.2905744037910125
722408-99999,-92.117,29.767,0.11969774739831962
722410-12917,-94.021,29.951,2.532580645161275
722416-12971,-98.046,29.709,1.1870967741935345
722420-12923,-94.859,29.273,0.9316129032258118
722420-99999,-94.8,29.3,1.2275038275482189
722422-12923,-94.859,29.273,0.5280342355703738
722423-12923,-94.859,29.273,-1.2716129032258294
722429-99999,-95.55,30.067,0.2585114677684146
722430-12960,-95.36,29.98,2.5277419354838457
722435-12918,-95.282,29.638,1.6441935483870793
722436-12906,-95.167,29.617,1.0787025555089969
722445-03904,-96.365,30.589,1.5967741935483843
722446-93987,-94.754,31.236,2.9699999999999847
722447-03901,-94.712,32.385,2.1112473118279524
722448-13972,-95.403,32.354,1.160161290322577
722448-99999,-95.4,32.35,-0.334505005561752
722470-03901,-94.712,32.385,2.307129032258061
722480-13957,-93.824,32.447,3.73387096774195
722484-53905,-93.745,32.543,0.994838709677424
722485-13944,-93.667,32.5,3.007741935483864
722486-13942,-92.041,32.516,1.2009677419354716
722487-13935,-92.296,31.393,1.866774193548352
722499-99999,-94.71,31.578,0.7783426028920957
722500-12919,-97.423,25.914,3.5380645161289976
722505-12904,-97.654,26.228,3.1645161290322363
722506-12959,-98.254,26.184,2.3603225806451604
722510-12924,-97.512,27.774,3.9806451612902976
722515-12926,-97.283,27.683,0.20371669004204307
722516-12928,-97.817,27.5,3.2780973559814726
722517-12932,-98.025,27.741,1.5222580645161088
722520-12920,-99.467,27.55,0.8128921023359226
722520-99999,-99.467,27.55,-0.42672043010750826
722523-12970,-98.472,29.339,1.4745161290322528
722524-99999,-97.05,28.083,1.3783870967741763
722525-12920,-99.461,27.544,0.8483126550868292
722526-12947,-99.218,28.457,3.4622688172043183
722530-12921,-98.484,29.544,1.9068458781361954
722533-12962,-99.174,29.36,1.2684094180100942
722535-12909,-98.583,29.383,1.0052995391704798
722536-12911,-98.262,29.533,1.364516129032225
722537-99999,-99.086,29.977,0.0
722540-13904,-97.68,30.183,1.1283870967741905
722540-13958,-97.76,30.321,0.8377419354838764
722544-13958,-97.76,30.321,1.258064516129025
722545-99999,-97.683,30.2,-0.49591811414391884
722547-99999,-97.683,30.683,0.2951612903225822
722550-12912,-96.93,28.861,3.621175115207393
722555-12935,-96.254,28.725,1.8816129032258146
722556-12925,-97.667,28.367,4.574193548387072
722560-13959,-97.228,31.619,2.1400000000000006
722563-99999,-97.317,31.483,0.385617352613977
722570-03933,-97.717,31.133,3.3360533070933513
722575-99999,-97.683,31.083,0.8839438585607979
722576-03902,-97.833,31.067,1.4706451612903066
722577-99999,-97.4,31.15,1.9090322580645278
722580-13960,-96.856,32.852,2.1548387096774064
722583-13960,-96.856,32.852,0.5699999999999505
722585-93901,-96.967,32.733,-2.4959955021435007
722586-99999,-100.283,29.267,-0.8232258064516031
722587-99999,-95.45,33.633,4.513264765082866
722588-99999,-96.067,33.067,-0.23559943200794464
722590-03927,-97.019,32.898,2.5306451612903516
722594-99999,-97.317,32.983,1.1397634408602073
722595-13911,-97.45,32.767,1.2570967741935277
722596-13961,-97.361,32.819,0.7299999999999898
722597-93985,-98.06,32.782,-0.14806451612901128
722598-99999,-96.833,32.967,2.1599855394883036
722599-99999,-96.867,32.683,0.9088809523809402
722600-03969,-98.178,32.215,0.9212903225806173
722610-22010,-100.927,29.378,1.7741935483871032
722615-22001,-100.783,29.367,1.418387096774154
722618-99999,-102.917,30.917,1.0044387096774017
722620-23055,-104.809,31.831,4.340121881455573
722630-23034,-100.495,31.352,5.122907135874897
722636-93042,-102.55,36.017,0.17645161290319322
722640-93035,-104.017,30.371,1.0973198235456323
722650-23023,-102.209,31.948,1.4603225806451832
722655-23005,-101.517,32.217,-2.509354838709669
722656-23040,-103.202,31.78,2.334860215053766
722660-13962,-99.682,32.411,0.41483870967743997
722665-13910,-99.85,32.433,1.8293548387096763
722670-23042,-101.823,33.666,1.886604414261413
722673-99999,-96.667,33.717,1.57908008898778
722675-23021,-102.05,33.6,-0.3193548387096854
722680-23009,-104.508,33.308,0.590322580645136
722683-99999,-105.533,33.467,0.8348387096774132
722685-99999,-105.667,34.1,4.125699883449883
722686-23008,-103.317,34.383,-0.8136042183623147
722687-93033,-104.258,32.334,0.43741935483870975
722688-93034,-103.213,32.693,-0.938580645161295
722689-99999,-103.083,34.433,2.0435750834260205
722690-99999,-106.483,32.383,0.767860748588518
722695-99999,-106.917,32.283,0.5380741322142057
722696-99999,-106.1,32.85,-2.613730715287545
722700-23044,-106.376,31.811,1.293870967741924
722710-93045,-107.268,33.237,1.2610904708935777
722720-93063,-108.167,32.633,0.77100095668672
722725-99999,-107.717,32.25,-0.3182795698924821
722730-03124,-110.344,31.588,2.1515827956989
722735-93026,-109.606,31.458,0.5219354838709194
722740-23160,-110.955,32.131,1.9303225806451394
722745-23109,-110.883,32.167,-0.009677419354844119
722747-99999,-109.633,32.85,6.827659451046955
722748-99999,-111.767,32.95,0.26823136818686066
722780-23183,-112.004,33.428,1.68935483870969
722784-99999,-112.083,33.688,1.8163763440859952
722785-23111,-112.367,33.55,2.979935826131566
722786-23104,-111.667,33.3,1.826967741935448
722788-99999,-112.383,33.417,1.3242729134664302
722789-99999,-111.911,33.623,1.2671881720429639
722800-23195,-114.6,32.667,2.3639139784946366
722805-03145,-114.617,32.65,0.06935483870967118
722810-23199,-115.683,32.817,0.1906510798639829
722860-23119,-117.25,33.9,3.5954838709677404
722865-93180,-117.65,34.067,3.5809199522102944
722866-23122,-117.233,34.083,1.083870967741916
722867-23156,-116.967,33.933,3.1369441627112877
722868-99999,-116.5,33.833,7.785946236559155
722874-93134,-118.291,34.024,0.42258064516127547
722880-23152,-118.358,34.201,1.8351075268816999
722885-99999,-118.45,34.017,1.1898771121351785
722886-23130,-118.489,34.21,1.6532227342549817
722890-93136,-118.067,34.233,3.5924946963685755
722895-99999,-120.467,34.667,0.33129032258062807
722897-99999,-120.633,35.233,0.31028673835126597
722900-23188,-117.183,32.734,-0.3870967741935516
722901-99999,-117.133,32.817,1.7405223620465762
722903-99999,-117.14,32.816,0.45539784946237205
722904-23196,-116.967,32.567,2.0960887096774314
722906-93112,-117.2,32.7,3.6761290322580464
722907-99999,-116.967,32.833,1.7990322580645284
722908-99999,-117.733,33.667,3.854580645161292
722909-93115,-117.117,32.567,0.5700381044855192
722910-93116,-119.45,33.25,4.145202845990056
722914-99999,-117.233,32.767,-0.16346774193549152
722915-93114,-117.833,33.7,0.6800645161290362
722920-23191,-118.416,33.405,1.561881720430108
722924-99999,-118.333,33.333,-1.8026190476190465
722925-93117,-118.588,33.023,3.003751511003543
722926-03154,-117.35,33.3,1.0260028218597341
722927-99999,-117.28,33.128,0.875069124423959
722929-99999,-117.4,33.217,-0.49571428571428555
722930-93107,-117.133,32.867,-0.8574193548387115
722950-23174,-118.389,33.938,-1.120000000000033
722953-99999,-118.152,35.059,0.16855373611892333
722955-03122,-118.333,33.8,1.9514953168577023
722970-23129,-118.146,33.812,4.486709677419327
722973-99999,-117.883,33.6,-5.447892323490649
722974-99999,-118.167,33.767,-1.1751612903225777
722975-93106,-118.05,33.783,0.8551935483871063
722976-99999,-117.983,33.867,1.443108504398836
722977-93184,-117.866,33.68,2.2814905450500333
723011-13748,-77.9,34.268,0.5522580645161241
723013-13748,-77.9,34.268,-0.5293548387096791
723020-99999,-77.9,34.267,0.11023924731182433
723030-13714,-79.009,35.174,2.167281105990753
723034-99999,-79.5,35.033,0.3144405805949333
723035-99999,-78.883,34.983,0.2458494623655838
723040-93729,-75.622,35.233,1.2006451612903106
723040-99999,-75.55,35.267,0.7579310344827519
723046-99999,-75.7,35.917,0.49955730690494704
723060-13722,-78.782,35.892,3.9148387096774115
723065-99999,-77.383,35.635,0.12225806451611732
723066-13713,-77.965,35.344,3.0188680544519997
723067-93726,-77.633,35.317,0.48231145717463164
723068-99999,-77.883,35.85,0.788139784946253
723069-99999,-77.617,34.833,0.6867625579093044
723075-13769,-76.033,36.817,-0.22221505376344908
723080-13737,-76.192,36.903,-0.00645161290323415
723083-13763,-76.903,36.698,0.6789247311827751
723084-99999,-77.437,37.709,0.466285262492093
723085-13750,-76.283,36.95,0.9867741935483991
723086-93741,-76.493,37.132,-0.09032258064517862
723086-99999,-76.483,37.133,-0.10161290322578509
723087-93735,-76.6,37.133,1.976573632538532
723088-99999,-76.317,37.483,-1.3488882091212417
723090-13754,-76.883,34.9,-0.11032258064516043
723095-93719,-77.048,35.068,0.3606989247311674
723096-93727,-77.383,34.7,-0.7491858475229094
723097-93743,-77.033,34.683,-1.3392298324966418
723100-13883,-81.118,33.942,1.6564516129032256
723105-93833,-80.801,33.921,1.5476021505376423
723106-13744,-79.724,34.185,0.15414905450501237
723108-13776,-79.059,34.608,0.0
723110-13873,-83.328,33.948,3.0334086021505584
723119-13886,-82.346,34.846,2.766693548387096
723120-03870,-82.221,34.884,2.6922580645161247
723125-93846,-82.71,34.498,0.17709677419352943
723139-93729,-75.622,35.233,1.0829892473118008
723140-13881,-80.955,35.224,2.159064516129007
723143-99999,-79.383,35.233,1.282580645161275
723145-03810,-81.382,35.743,1.244838709677424
723150-03812,-82.538,35.432,0.7764516129032444
723155-99999,-82.817,35.9,0.481451851851844
723170-13723,-79.943,36.097,3.231612903225809
723181-13877,-82.404,36.473,0.9422580645161247
723183-13877,-82.404,36.473,1.3161290322580612
723190-93807,-80.222,36.134,0.6645161290322505
723193-93807,-80.222,36.134,2.387394895427178
723200-93801,-85.161,34.348,4.833480863222803
723230-03856,-86.786,34.644,3.552903225806432
723235-13896,-87.6,34.744,2.5948387096774326
723240-13882,-85.201,35.031,2.7410322580645214
723246-53868,-84.238,36.024,-0.5493548387096894
723260-13891,-83.986,35.818,1.6819354838709586
723265-03847,-85.081,35.951,-0.09225806451613039
723270-13897,-86.689,36.119,2.226451612903219
723273-99999,-86.517,36.0,-2.2792258064516204
723290-03849,-84.077,37.087,0.7370967741935459
723300-99999,-90.467,36.767,2.106677504467285
723301-93862,-88.771,34.262,2.5036529090116346
723306-13825,-88.45,33.65,1.4392818740399207
723307-99999,-88.583,33.45,2.0005519713261606
723320-93862,-88.771,34.262,2.9019354838709575
723340-13893,-89.987,35.056,2.57870967741934
723345-93839,-89.867,35.35,1.6088291517323796
723346-03811,-88.917,35.593,0.3720471464019681
723347-03809,-89.409,36.0,1.6161290322580584
723400-99999,-92.25,34.833,2.223279879737447
723401-13963,-92.239,34.727,0.2390322580645261
723403-13963,-92.239,34.727,0.2635483870967761
723405-03930,-92.15,34.917,3.8257419354838476
723406-99999,-90.925,36.125,0.5116129032257959
723407-99999,-90.633,35.833,0.07967741935480888
723408-13814,-89.95,35.967,0.265880099330289
723410-99999,-94.617,34.683,4.796386021505384
723415-99999,-93.083,34.467,3.2251612903225606
723416-99999,-91.567,34.6,0.8773449131513331
723417-93988,-91.935,34.175,2.886064516129011
723418-13977,-94.007,33.454,2.0622580645161293
723419-93992,-92.814,33.221,2.1184086021505095
723425-99999,-92.767,33.617,0.0
723434-99999,-94.117,36.183,1.6702997286171382
723440-13964,-94.363,35.333,1.9041935483870844
723443-99999,-94.483,36.2,0.8722580645160889
723444-99999,-94.219,36.346,0.9453225806451684
723445-93993,-94.169,36.01,1.0683870967741882
723446-13971,-93.157,36.267,2.3299999999999983
723447-99999,-92.467,36.3,1.021612903225801
723448-99999,-91.647,35.726,1.0370967741935289
723449-99999,-94.107,36.372,1.303870967741915
723480-99999,-91.85,36.733,1.8973162284877105
723489-03935,-89.571,37.225,0.16161290322578736
723490-99999,-94.015,36.91,7.244516129032263
723495-13987,-94.502,37.147,2.521935483870948
723510-13966,-98.493,33.979,2.399354838709641
723520-13902,-99.267,34.65,0.6794470046082779
723525-93986,-99.053,34.989,2.7824015572858656
723526-99999,-99.2,35.333,1.9539769585253168
723527-13975,-99.769,36.297,-0.12064516129032654
723530-13967,-97.601,35.389,2.839354838709653
723535-99999,-97.917,36.333,0.47187167671035013
723536-99999,-97.783,36.383,2.217330261136709
723540-13919,-97.383,35.417,1.2935483870967488
723544-99999,-97.65,35.533,-0.7009297912713635
723546-13969,-97.102,36.737,-0.7561290322580732
723550-13945,-98.4,34.65,2.6643613047074126
723555-99999,-97.017,34.3,-0.9080645161290448
723556-99999,-95.367,35.65,-0.09015053763442893
723560-13968,-95.887,36.199,2.2099999999999937
723565-99999,-96.017,36.767,3.439901171377656
723566-93950,-95.783,34.882,0.6938709677419155
723575-99999,-98.417,34.567,3.1293769797129016
723600-23051,-103.154,36.449,4.094053763440854
723601-23007,-100.283,34.427,-1.4693548387096627
723604-23007,-100.283,34.427,-0.12144516796901428
723625-93057,-107.899,35.166,4.961525227460697
723627-23081,-108.794,35.514,0.7622580645161037
723630-23047,-101.704,35.23,-0.13516129032261404
723650-23050,-106.616,35.042,1.736547192353612
723654-99999,-106.269,35.879,1.6756387123258492
723655-99999,-106.05,34.983,12.954547619047645
723656-23049,-106.089,35.617,2.361290322580629
723658-23090,-108.229,36.744,2.3814731182795725
723663-99999,-105.667,36.45,1.3951167964404902
723676-23048,-103.603,35.182,1.4064516129031972
723677-23054,-105.142,35.654,2.331612903225789
723700-93167,-113.933,35.258,0.732903225806453
723700-99999,-113.95,35.259,1.4541552504732351
723710-99999,-111.45,36.933,1.785300930180071
723721-23184,-112.421,34.652,-0.50322580645161
723723-23184,-112.421,34.652,-0.1925806451612999
723740-23194,-110.721,35.028,1.4796421379880655
723745-93139,-111.339,34.257,2.9381445781956614
723747-99999,-110.0,34.267,1.3350649218165245
723755-03103,-111.666,35.144,-0.033225806451596895
723760-99999,-111.817,35.217,1.5580116439919038
723781-99999,-112.15,35.95,-0.12774623655914752
723783-99999,-112.133,35.95,1.107133028467814
723788-99999,-114.567,35.15,-0.5368033794162841
723805-23179,-114.619,34.768,4.5863617866004915
723810-23114,-117.867,34.9,2.1258064516129025
723814-93121,-116.167,34.3,0.0
723815-23161,-116.786,34.854,2.709999999999937
723816-03159,-118.212,34.741,4.4222580645161145
723820-23182,-118.084,34.629,0.5502365591397762
723825-23131,-117.383,34.583,1.4685806451612393
723826-99999,-117.83,35.659,-0.08446051167965152
723830-23187,-118.724,34.744,4.78618385507707
723840-23155,-119.054,35.434,0.6622580645161094
723860-23169,-115.163,36.072,1.1890322580645005
723865-23112,-115.033,36.25,-0.2896774193548737
723870-03160,-116.028,36.621,3.361408602150533
723890-93193,-119.719,36.78,2.752844574780042
723894-99999,-118.838,37.624,1.43975381761976
723895-99999,-119.067,36.033,0.3648387096774144
723896-99999,-119.4,36.317,1.2947163151504526
723900-99999,-121.283,35.667,5.752910689115261
723910-93111,-119.117,34.117,-0.9379866518353737
723923-99999,-119.7,34.4,-3.155108083054202
723924-99999,-119.25,34.25,-3.2332526536930715
723925-23190,-119.843,34.426,-0.5629032258064797
723926-99999,-119.1,34.217,-0.5487096774193816
723927-93110,-119.207,34.201,-3.627096774193575
723930-99999,-120.567,34.75,1.4030097065160163
723940-23273,-120.449,34.899,0.08387096774191605
723965-93209,-120.628,35.67,2.978002595476468
724010-13740,-77.32,37.505,1.6651612903225583
724014-99999,-77.5,37.183,0.3348817204301042
724016-93736,-78.453,38.139,1.397463848720804
724017-99999,-78.433,37.35,-0.22903225806450678
724020-93739,-75.471,37.937,1.6072860573274141
724024-93739,-75.471,37.937,0.20275974025972232
724026-99999,-75.761,37.647,3.3815118279569987
724027-99999,-75.617,37.533,-3.231882115130688
724030-93738,-77.464,38.941,1.3764516129032387
724033-99999,-77.45,38.267,0.09870967741935033
724035-13773,-77.3,38.5,0.712247792750091
724036-99999,-77.515,38.721,1.705105672969978
724037-93728,-77.183,38.717,4.417924263674607
724040-13721,-76.417,38.3,1.9909677419354352
724045-93720,-75.51,38.341,-0.12774193548386847
724048-99999,-76.383,38.383,0.0
724050-13743,-77.034,38.848,3.1303225806451564
724053-99999,-78.15,39.15,-0.1022580645161355
724055-99999,-77.558,39.078,0.07322580645161736
724056-99999,-81.35,36.895,0.016129032258021425
724057-99999,-76.167,39.467,-0.32512502714675406
724058-99999,-82.033,36.683,-0.5036476426799084
724060-93721,-76.683,39.167,2.759354838709669
724065-93733,-76.75,39.083,0.4607545350291531
724066-99999,-77.717,39.7,0.9238709677419479
724067-99999,-76.4,39.317,0.13819730343678316
724069-99999,-76.1,39.333,-1.427356902356891
724070-93730,-74.567,39.449,4.474516129032239
724075-13735,-75.067,39.367,-0.8388605858361302
724076-13724,-74.424,39.379,0.0
724080-13739,-75.231,39.868,0.2345161290322153
724084-04739,-74.117,40.183,-0.4441935483870907
724085-94732,-75.011,40.082,2.004838709677429
724086-14793,-75.15,40.2,1.002113459399311
724087-99999,-74.017,40.1,-1.3745251811302523
724088-13707,-75.467,39.133,1.5132551319647973
724089-13781,-75.601,39.673,0.9099078341013893
724090-14780,-74.35,40.033,0.6321192376074833
724093-99999,-75.367,38.683,1.8131835637480975
724094-99999,-74.283,40.883,2.109517241379322
724095-14792,-74.816,40.277,1.1626559139784831
724096-14706,-74.6,40.017,1.0676651305683151
724097-99999,-74.417,40.8,3.3786730816349717
724098-99999,-73.817,40.45,0.0
724099-99999,-74.017,40.467,-7.438605387205385
724100-13733,-79.207,37.321,-0.12419354838709751
724105-99999,-78.9,38.267,1.8527741935483846
724106-13728,-79.336,36.573,1.300645161290305
724107-99999,-80.817,36.767,-0.10483870967740927
724110-13741,-79.974,37.317,1.2464516129032006
724113-99999,-80.408,37.208,0.12032258064516554
724115-99999,-79.833,37.95,2.9001032893691416
724116-13868,-80.683,37.133,0.8611290322580345
724117-99999,-82.533,36.983,-0.22661290322582772
724120-03872,-81.123,37.784,2.0203225806451712
724125-03859,-81.208,37.296,1.190000000000012
724125-99999,-81.208,37.296,2.5635483870967732
724126-99999,-80.333,37.767,-0.721404761904779
724127-99999,-80.399,37.858,-1.0105210918114125
724131-99999,-82.517,37.483,0.8164462365591305
724140-13866,-81.59,38.379,2.331612903225789
724170-13729,-79.853,38.885,3.784292803970203
724175-99999,-80.217,39.283,2.191680107526892
724176-13736,-79.916,39.643,0.9067741935483866
724177-13734,-77.984,39.402,-1.2625806451612789
724210-93814,-84.672,39.043,3.513870967741937
724220-93820,-84.606,38.041,2.425483870967753
724230-93821,-85.739,38.181,3.474193548387106
724235-13810,-85.664,38.228,2.860322580645146
724236-03889,-83.314,37.591,0.8526728110599038
724237-99999,-87.167,37.733,-1.2531868743047738
724238-99999,-87.683,37.8,0.8935483870967431
724240-13807,-85.967,37.9,1.3883870967741814
724243-03849,-84.077,37.087,0.9026825127334206
724250-03860,-82.555,38.365,2.0745161290322613
724270-03804,-81.27,39.2,0.9854838709677551
724273-03804,-81.27,39.2,1.6104004449388043
724275-14894,-80.647,40.176,0.8745683563748088
724280-14821,-82.881,39.991,1.7451612903225708
724285-13812,-82.933,39.817,1.266724565756789
724285-99999,-82.917,39.8,-0.500322580645161
724286-93824,-81.892,39.944,1.1483870967741865
724288-99999,-83.067,40.067,0.6132734254992442
724289-99999,-83.45,41.7,-2.8828215762731872
724290-93815,-84.219,39.906,0.5290322580645039
724295-03867,-83.833,39.833,0.21243494647357863
724296-13841,-83.822,39.42,-0.26645161290322505
724297-93812,-84.419,39.103,1.7877419354838509
724303-14813,-81.464,41.038,0.0
724320-93817,-87.521,38.044,2.4080645161290306
724335-99999,-88.867,38.317,2.965150001612116
724336-99999,-89.25,37.767,-0.6758906192065268
724338-13802,-89.85,38.55,0.3054838709677057
724339-99999,-89.017,37.75,-0.9907252424994226
724340-13994,-90.374,38.753,2.4054838709677426
724345-03966,-90.656,38.657,0.9873548387096776
724350-03816,-88.774,37.056,2.490645161290331
724354-99999,-84.616,37.053,-0.5810483870967715
724361-13803,-85.9,39.267,-2.225609318996419
724363-13803,-85.9,39.267,-0.20096106785317147
724365-99999,-86.95,38.25,0.030102639296174516
724370-93823,-87.3,39.45,0.07176685653980996
724373-93823,-87.3,39.45,0.0
724375-99999,-86.617,39.133,2.094738229161507
724380-93819,-86.279,39.732,1.7912903225806502
724385-99999,-85.617,40.117,-0.4307741935483733
724386-14835,-86.937,40.412,0.7966989247311602
724388-14829,-85.783,41.533,0.0
724390-93822,-89.684,39.845,1.2645161290322307
724395-99999,-90.033,38.883,-0.02475806451616336
724396-93989,-91.192,39.937,-0.21387096774195413
724397-99999,-88.917,40.467,-0.5257386363636414
724398-99999,-87.6,40.2,2.271407834101396
724400-13995,-93.39,37.24,1.0654838709677392
724450-03945,-92.218,38.817,1.1670967741935385
724454-93996,-90.428,37.761,0.6217733153796701
724455-14938,-92.543,40.097,-0.5245161290322642
724456-13997,-91.768,38.131,1.6716129032258067
724457-03938,-92.15,37.75,2.6625806451612846
724458-99999,-92.15,38.583,-1.1583870967741774
724459-99999,-92.55,38.1,2.875997875131887
724460-03947,-94.731,39.297,2.1219354838709563
724461-13988,-94.597,39.121,0.8838709677419132
724463-13988,-94.597,39.121,1.2383870967741757
724466-03929,-94.56,38.844,-1.4058064516129036
724467-13930,-93.55,38.717,0.3006451612902765
724468-99999,-94.733,38.85,2.2474733939895373
724475-93909,-94.89,38.832,0.6893548387096757
724490-13993,-94.923,39.774,1.1274961597542301
724500-03928,-97.43,37.648,-0.4229032258064649
724504-99999,-97.217,37.75,1.0555106859012966
724505-03923,-97.267,37.617,-0.1822580645161338
724506-13986,-97.861,38.065,-1.6736751152074305
724507-13981,-95.484,37.67,1.557741935483861
724509-99999,-97.267,38.058,1.6058525345621888
724510-13985,-99.968,37.769,0.1683870967741541
724515-23064,-100.725,37.927,0.04161290322582545
724516-99999,-100.95,37.033,0.24405645161289158
724517-99999,-98.867,38.35,1.8144498847926087
724518-99999,-99.273,38.842,5.899957978401531
724520-03957,-98.553,37.284,6.819498207885303
724550-13947,-96.767,39.05,-0.07602685486557448
724555-99999,-96.667,39.133,0.10870967741935544
724556-13989,-96.195,38.329,0.22034562211979392
724560-13996,-95.626,39.073,2.5661290322580186
724565-13920,-95.664,38.95,-0.21387096774198255
724567-13921,-94.917,39.367,-1.9995653972021614
724580-13984,-97.651,39.551,-0.07806451612903231
724585-93997,-98.809,38.876,-1.701269187986668
724586-03919,-97.65,38.8,0.16774193548388894
724586-13922,-97.65,38.783,0.4937965260545951
724600-99999,-101.883,37.0,7.268688213193926
724620-23061,-105.861,37.439,3.5553615127919898
724625-99999,-107.76,37.14,3.0400041256893644
724627-99999,-107.917,37.95,1.403377072748043
724630-99999,-102.617,38.083,1.487111396574349
724635-23067,-103.512,38.049,-0.6245161290322585
724636-99999,-102.688,38.07,0.0
724640-93058,-104.498,38.29,3.0054838709676943
724645-23070,-104.338,37.262,0.7491290322580539
724650-23065,-101.693,39.367,1.2216129032257896
724655-93990,-99.83,39.376,-0.47013647642683054
724660-93037,-104.688,38.81,1.3438709677419212
724665-93010,-103.716,39.189,2.284692621431205
724666-99999,-104.849,39.57,4.260967741935474
724673-99999,-106.317,39.22,0.49489399304715675
724675-23063,-106.917,39.65,-1.7773118279570213
724676-99999,-106.869,39.223,3.4853978494623874
724677-99999,-106.933,38.534,0.7646705313596271
724678-99999,-106.866,40.516,0.6286666666666747
724680-94015,-104.757,38.678,-0.6368495295776455
724685-99999,-106.05,38.533,0.6033321150484596
724686-99999,-106.917,38.6,-0.36978927488284796
724690-23062,-104.867,39.75,1.7045161290322284
724695-23036,-104.75,39.717,1.1054838709677313
724697-99999,-105.083,40.583,1.5649784946236451
724698-24015,-103.217,40.167,0.27870967741935715
724699-99999,-105.117,39.917,2.1369585253456194
724700-99999,-110.75,39.617,3.488199938616887
724721-93025,-109.467,37.617,-0.024594945747637098
724723-93025,-109.483,37.583,0.7399540229884991
724725-99999,-112.3,40.317,-1.4639326921695215
724735-23170,-110.715,38.371,1.0745815666844436
724736-99999,-110.7,37.5,-0.24683333333331348
724750-99999,-113.017,38.417,1.4302019115890374
724754-99999,-113.593,37.091,5.945829773078742
724755-93129,-113.094,37.709,-0.5983870967742035
724756-23159,-112.146,37.706,1.2064718614718686
724760-23066,-108.54,39.134,1.025161290322572
724765-99999,-107.894,38.517,2.1944354696100987
724766-99999,-107.883,38.5,1.6555652221605044
724767-99999,-108.633,37.3,2.8505027511461947
724768-99999,-104.633,40.437,3.157242659870704
724769-99999,-105.017,40.45,3.2454779841960004
724771-99999,-110.15,39.0,0.9947901808300799
724773-99999,-110.167,39.0,-1.684375958662926
724795-99999,-112.583,39.333,3.3286549769208165
724796-94128,-111.853,41.787,-0.5487096774193674
724796-99999,-111.85,41.783,0.0
724797-23176,-113.017,38.417,0.26532258064514735
724800-23157,-118.358,37.371,2.9216129032257783
724810-23203,-120.567,37.367,2.119227911873068
724815-99999,-120.514,37.285,2.7949031559838033
724830-23232,-121.495,38.507,1.791612903225797
724835-23206,-121.3,38.567,0.887096774193509
724836-23208,-121.4,38.667,2.1509677419354603
724837-93216,-121.433,39.133,0.5667857142857002
724838-99999,-121.567,39.1,2.6354685099846336
724839-93225,-121.59,38.696,3.740086021505377
724844-99999,-116.783,37.8,0.0
724855-23153,-117.09,38.051,1.7779784946236532
724860-23154,-114.847,39.295,2.007096774193556
724870-99999,-114.517,37.617,9.784059979974074
724880-23185,-119.771,39.484,6.567715609936968
724885-93102,-118.717,39.417,3.2796382488479026
724915-23245,-121.833,36.583,2.530745431431754
724916-93217,-121.767,36.683,1.153886738351261
724917-23233,-121.608,36.664,1.684691109780104
724920-23237,-121.226,37.889,3.4977419354838446
724925-23240,-121.133,37.4,-0.06826802454510528
724926-23258,-120.951,37.624,3.5858064516128962
724927-23285,-121.814,37.693,-0.2390322580645261
724930-23230,-122.221,37.721,0.5341935483870799
724935-93228,-122.115,37.654,0.0
724935-99999,-122.12,37.66,1.9070951685885404
724936-23254,-122.055,37.992,2.2426267281105794
724937-99999,-122.115,37.461,1.8528755092499694
724938-99999,-122.25,37.512,0.7556104218362094
724940-23234,-122.365,37.62,0.7438709677419411
724945-23293,-121.924,37.359,-0.6292213570633862
724946-99999,-121.817,37.333,-0.4559784946236647
724955-93227,-122.285,38.21,-1.2235483870967698
724956-23211,-122.5,38.067,-1.705161290322593
724957-23213,-122.81,38.504,-0.8827252502780709
724957-99999,-122.817,38.517,2.3020224099223014
725020-14734,-74.169,40.683,2.1051612903225703
725025-94741,-74.061,40.85,2.027096774193538
725027-99999,-72.829,41.509,3.8625549155484578
725028-99999,-73.267,40.633,-3.2589130009775147
725029-99999,-73.135,41.479,1.686082949308755
725030-14732,-73.88,40.779,1.707741935483881
725033-94728,-73.969,40.779,0.036451612903235286
725035-04781,-73.102,40.794,0.3824623655913939
725036-14757,-73.884,41.627,-0.3096774193548697
725037-94745,-73.708,41.067,1.8293548387096763
725038-14714,-74.1,41.5,-0.879129032258092
725039-99999,-73.4,40.95,-21.29363250546117
725040-94702,-73.129,41.158,0.33755913978494334
725045-14758,-72.887,41.264,1.1312096774193634
725046-14707,-72.049,41.328,0.40718667861409585
725047-99999,-72.083,41.3,0.3910769230769233
725054-99999,-71.483,41.921,1.8059139784946154
725055-99999,-69.95,41.667,-1.87383567553114
725056-99999,-71.467,41.35,-2.781449678334269
725057-99999,-70.083,41.283,-1.3677053788581475
725058-94793,-71.578,41.168,3.0129942100909943
725058-99999,-71.567,41.167,1.3291144597338302
725059-99999,-71.283,42.467,3.006048582787429
725061-14756,-70.061,41.253,-1.771935483870962
725063-14756,-70.061,41.253,1.0741490545049714
725064-99999,-70.729,41.909,0.3206261859582611
725065-99999,-70.95,41.667,1.3005341191067004
725066-99999,-70.617,41.4,0.9228709677419289
725067-99999,-70.267,41.667,0.9826666666666739
725068-99999,-71.017,41.867,5.073559139784905
725069-99999,-69.983,41.683,-1.16229870796613
725070-14765,-71.433,41.722,1.2638709677419513
725073-99999,-70.217,42.067,2.588792766373402
725074-99999,-71.417,41.583,1.0452983992977067
725075-99999,-73.17,42.696,-0.41451612903226476
725079-99999,-71.282,41.532,-0.10647294760198633
725080-14740,-72.683,41.938,1.1206451612903265
725085-54756,-72.291,42.57,0.6796072931276314
725086-99999,-73.482,41.372,1.7272786429365965
725087-14752,-72.651,41.736,2.085367741935471
725088-99999,-70.917,42.583,-0.8889976958525239
725089-99999,-72.9,41.267,-21.628245430258858
725090-14739,-71.011,42.361,3.447741935483876
725095-94746,-71.873,42.271,2.010494623655916
725097-14790,-70.933,42.15,1.3955161290322735
725098-99999,-71.167,42.183,10.823421658986177
725099-99999,-70.667,42.583,-26.153034095704776
725101-14712,-75.967,40.367,-1.306612903225826
725103-14712,-75.967,40.367,1.4087096774193384
725105-14770,-76.864,40.821,0.0
725107-04780,-71.756,42.552,0.0
725110-14751,-76.851,40.217,-0.02129032258065422
725111-14751,-76.851,40.217,-0.5954838709677546
725111-99999,-76.85,40.217,0.3996774193548589
725115-14711,-76.772,40.196,1.0967741935483701
725116-99999,-76.283,40.117,1.0964516129032091
725117-99999,-80.283,40.133,0.3061658986174791
725118-14751,-76.851,40.217,0.269354838709674
725120-14761,-78.083,40.9,0.0777419354838429
725124-99999,-79.95,40.777,1.371835372636255
725125-04787,-78.899,41.178,-0.7590322580645221
725126-14736,-78.32,40.296,1.0370967741935573
725127-04726,-78.834,40.316,-0.7291720430107489
725128-99999,-77.85,40.85,1.0610752688172198
725130-14777,-75.727,41.334,1.2012043010752507
725135-14754,-75.417,41.183,0.5040085475089313
725140-14778,-76.922,41.243,1.6222580645161173
725144-99999,-76.567,40.433,-0.500653415387319
725145-99999,-74.8,41.7,1.7096497695852548
725150-04725,-75.98,42.207,0.5290322580645181
725155-99999,-76.467,42.491,2.0928372434017604
725156-14748,-76.892,42.159,-0.4648387096774229
725165-99999,-72.95,43.517,1.0394202386518003
725170-14737,-75.449,40.651,0.924838709677374
725180-14735,-73.809,42.743,0.7335483870967607
725185-14750,-73.617,43.35,-0.6054838709677597
725186-99999,-75.467,44.683,3.6676692750942266
725187-99999,-73.517,44.683,3.4811254480286635
725190-14771,-76.104,43.111,1.4580645161289851
725195-99999,-76.517,43.467,-4.932973537794439
725196-14717,-75.407,43.234,-0.20653506381414388
725197-94794,-75.384,43.145,0.058881720430093765
725200-94823,-80.214,40.485,3.1641865079364777
725204-99999,-80.383,40.767,1.0351612903225913
725205-14762,-79.922,40.355,0.6571182795699144
725207-99999,-79.4,40.267,1.6091168770453521
725210-14895,-81.433,40.917,1.5870967741935544
725215-99999,-82.183,41.467,-2.221544885319787
725235-99999,-79.258,42.153,-1.5956982902557968
725240-14820,-81.853,41.405,1.3038709677419291
725244-99999,-81.383,41.683,0.8757204301075348
725245-99999,-81.683,41.517,1.7078976640711971
725246-14891,-82.518,40.82,0.9079032258064359
725247-99999,-81.483,41.567,-0.3567078499920484
725249-99999,-82.733,41.55,-0.14442087167559237
725250-14852,-80.674,41.254,2.052258064516124
725255-99999,-80.8,41.917,-0.2117267552182227
725260-14860,-80.183,42.08,2.556774193548378
725265-99999,-80.8,42.117,-3.218144416873457
725266-04751,-78.633,41.8,0.3477419354838531
725267-94868,-79.867,41.383,1.3316311827957037
725280-14733,-78.736,42.941,1.046451612903212
725283-99999,-78.367,42.233,0.0
725285-99999,-78.883,42.883,-0.6381988882401259
725287-04724,-78.938,43.108,1.0641935483871094
725288-99999,-79.067,43.267,0.5296434135760393
725290-14768,-77.677,43.117,-0.37870967741935146
725295-99999,-77.6,43.25,0.30001801157294494
725300-94846,-87.934,41.995,1.2903870967741966
725305-99999,-88.249,41.908,0.03116268075639539
725306-14855,-87.833,42.083,1.1364516129032296
725310-14806,-88.15,40.3,-2.955161290322607
725314-99999,-90.15,38.567,0.1698566308244125
725315-99999,-88.267,40.033,-0.03620430107525863
725316-99999,-88.867,39.833,0.09612903225803393
725317-99999,-88.283,39.483,0.0
725320-14842,-89.684,40.668,1.5325806451613033
725323-99999,-90.433,40.933,0.0
725326-99999,-89.683,41.743,1.7074952561669647
725330-14827,-85.206,40.971,1.2479892473118213
725335-99999,-86.15,40.65,-0.9473592880978998
725336-99999,-85.383,40.233,-1.595857229723748
725337-99999,-87.4,41.617,-0.8862211981566901
725340-14819,-87.752,41.786,-0.3681935483871115
725346-94866,-87.6,41.867,-0.9498831229546312
725347-99999,-87.867,42.417,1.5558870967741854
725350-14848,-86.316,41.707,0.75322580645161
725354-99999,-86.0,41.717,-1.420483870967729
725360-94830,-83.801,41.589,1.4293548387096848
725366-14825,-83.669,41.014,1.5809343715239095
725370-94847,-83.331,42.231,0.7122580645161207
725375-14822,-83.01,42.409,1.0816129032258033
725376-14853,-83.533,42.233,1.7738709677419138
725377-14804,-82.818,42.608,-0.3870967741935658
725378-99999,-83.983,42.633,0.6654838709677477
725384-99999,-82.533,42.917,-0.5155870967741976
725385-99999,-82.967,42.333,-4.152939343810317
725386-99999,-82.783,44.017,-2.0383041463139193
725387-99999,-87.883,47.467,1.4674887213651573
725390-14836,-84.579,42.78,0.500967741935483
725395-14833,-84.467,42.267,-2.335506117908821
725396-14815,-85.251,42.308,-0.28761290322582056
725400-99999,-93.717,40.25,-0.10425192133459404
725430-94822,-89.093,42.193,1.7932258064516162
725440-14923,-90.523,41.465,1.3190322580645102
725450-14990,-91.717,41.883,0.31419354838709523
725453-99999,-95.05,41.4,-0.4253917050691314
725454-99999,-91.667,41.283,-0.1087741935483848
725455-14931,-91.125,40.783,1.9129032258064598
725456-99999,-91.428,40.46,-0.23612903225807713
725457-99999,-94.272,43.078,-0.6007007786429455
725458-99999,-93.767,42.75,0.0
725460-14933,-93.653,41.534,0.42483870967743087
725462-14937,-91.543,41.633,0.7341935483870827
725463-99999,-92.617,43.067,-0.07032258064516839
725464-99999,-93.017,41.667,-0.4441935483870907
725465-14950,-92.447,41.108,-0.9587096774193355
725466-99999,-93.55,41.683,-1.5100784313725484
725467-99999,-95.417,40.75,-0.10569892473117193
725468-99999,-94.783,42.05,-0.3820912124582918
725469-99999,-93.367,41.017,-0.2977419354838844
725470-94908,-90.704,42.398,0.6848387096774218
725473-99999,-90.333,41.833,1.6789825797546598
725474-99999,-94.367,41.017,-0.26016685205784995
725475-99999,-91.167,42.217,-0.13178494623657855
725476-99999,-91.739,43.276,-0.22276344086020572
725477-99999,-95.38,41.986,-0.24356736242883414
725478-99999,-93.869,42.437,-0.1550723025584233
725479-99999,-95.033,40.717,-0.14999999999997726
725480-94910,-92.401,42.554,2.15225806451609
725483-99999,-91.333,40.667,-0.065926724137924
725484-99999,-96.2,42.783,-0.3791879866518286
725485-14940,-93.327,43.154,-0.3993548387096695
725486-99999,-93.85,42.05,0.026629270618130363
725487-99999,-91.15,41.367,-0.28400000000002024
725488-99999,-91.967,42.683,-0.7100000000000364
725489-99999,-96.067,42.983,-0.15303225806451337
725490-99999,-94.183,42.55,0.47886222787225563
725493-99999,-93.114,41.299,-0.20756395995550747
725494-99999,-95.267,41.017,-0.4818242491657543
725495-99999,-95.833,43.217,-0.38660734149054576
725496-99999,-95.233,42.6,-0.08219354838709592
725497-99999,-95.767,41.267,-0.42903225806452383
725500-14942,-95.899,41.31,0.1812903225806366
725510-14939,-96.748,40.851,0.14557347670249499
725515-99999,-96.75,40.3,-1.4564293659621939
725520-14935,-98.314,40.961,0.34612903225806235
725524-99999,-98.95,41.617,0.11569125442595407
725525-99999,-98.428,40.605,-1.6674903802578882
725526-99999,-99.0,40.717,-2.003827956989255
725527-99999,-96.183,41.767,0.0
725530-94918,-96.017,41.367,0.21125820499690917
725533-94957,-95.592,40.08,-0.275107526881726
725533-99999,-95.6,40.083,-1.7743681074209405
725540-14949,-95.917,41.117,-0.3993882091212555
725555-99999,-99.65,41.433,-0.14307526881719923
725556-99999,-100.0,42.579,-2.180233250620361
725560-14941,-97.435,41.986,0.5322688172043115
725564-99999,-96.52,41.449,0.0
725565-99999,-97.333,41.45,-0.8790433815350411
725566-99999,-98.688,42.47,-0.31123434033112574
725570-14943,-96.379,42.391,0.8041935483870901
725610-24030,-102.986,41.099,1.3682258064515906
725620-24023,-100.669,41.121,0.8719354838709705
725625-99999,-100.583,40.2,0.5567741935483781
725626-24091,-101.62,40.51,0.8221428925892269
725627-99999,-101.067,42.05,2.0680201629540704
725628-99999,-99.333,40.45,-1.3263225806451544
725635-99999,-102.8,42.05,1.9425376344085947
725636-24017,-103.098,42.837,2.330711662531016
725640-24018,-104.817,41.15,4.318387096774202
725645-24022,-105.683,41.317,1.4241935483870947
725650-03017,-104.658,39.833,1.3246774193548418
725660-24028,-103.593,41.871,2.109999999999957
725670-24032,-100.55,42.878,2.1275053763440894
725685-24019,-105.383,42.75,0.46840310968231336
725690-24089,-106.474,42.898,2.598709677419322
725700-99999,-107.533,40.5,4.64086324189789
725705-99999,-109.51,40.441,1.5362692284957404
725708-99999,-109.983,40.3,0.02549707602338458
725715-99999,-107.217,40.483,2.530089968112165
725716-99999,-107.8,39.533,0.6852879353050412
725717-99999,-107.733,39.533,0.19645161290321767
725720-24127,-111.969,40.778,3.0741935483871146
725724-99999,-111.723,40.219,-0.4184531971262828
725740-24027,-109.053,41.594,0.15483870967742064
725744-24027,-109.053,41.594,1.5490322580644857
725745-24057,-107.2,41.8,3.160211345939956
725750-24126,-112.011,41.196,1.849677419354819
725755-24101,-111.967,41.117,1.0719074333800478
725760-24021,-108.726,42.815,2.484193548387097
725765-24061,-108.459,43.064,0.6872413793103505
725775-04111,-111.031,41.273,2.476085442072133
725776-99999,-110.733,43.6,2.0876822395254067
725780-24156,-112.571,42.92,3.44369892473118
725784-99999,-115.6,46.133,5.758955969595846
725785-24145,-112.067,43.516,2.9464516129032177
725786-24151,-112.287,42.149,2.0465924859270075
725787-24158,-113.25,42.017,0.5947058823529403
725805-24172,-118.569,40.068,4.918542551304995
725810-24193,-114.036,40.721,0.2520430107526721
725814-99999,-112.933,40.2,0.6948684210526466
725816-99999,-112.933,40.183,-2.6649878333188326
725824-99999,-116.017,39.6,6.903409189482247
725825-24121,-115.789,40.829,-0.8247096774193636
725826-99999,-117.083,39.5,2.6518943245689997
725827-99999,-115.783,41.667,0.98761757381763
725830-24128,-117.808,40.902,1.703096774193554
725835-24119,-116.892,40.612,4.9683515905092435
725837-99999,-120.567,40.383,2.4898371325700595
725845-23225,-120.71,39.277,1.791193548387099
725846-99999,-120.133,39.32,3.3176146149184547
725847-93230,-119.995,38.898,0.10706221198157095
725847-99999,-120.0,38.883,3.9301435537544194
725848-99999,-124.067,40.017,0.025602262933119846
725864-99999,-116.1,44.883,0.3021505376344322
725865-99999,-114.3,43.5,5.465158059121819
725866-99999,-114.483,42.483,5.992258064516136
725867-24133,-113.766,42.542,1.6061290322580533
725868-99999,-111.583,42.633,2.4712671677186364
725869-94186,-113.335,42.302,1.641012525767863
725895-94236,-121.724,42.147,2.7661290322580783
725896-99999,-120.35,42.217,-0.0054336776312311486
725905-23275,-123.201,39.126,1.7773118279569786
725910-24216,-122.254,40.152,1.868193548387083
725915-24257,-122.299,40.518,2.9790675489385166
725920-24257,-122.299,40.518,0.9348387096774218
725940-99999,-124.167,40.8,2.811519517039052
725945-24283,-124.109,40.978,-0.27935483870969335
725946-24286,-124.237,41.78,-1.3077764976958548
725955-24259,-122.472,41.781,3.7770322580645086
725957-24215,-122.333,41.333,2.3103763440860376
725958-99999,-120.567,41.483,2.0192976842154167
725959-99999,-122.55,41.733,0.10000000000000853
725970-24225,-122.872,42.381,2.8158064516129
725975-24235,-123.364,42.6,3.296838709677388
725976-99999,-120.4,42.167,0.720829069336304
725985-24267,-124.29,42.074,0.803993279700336
726037-99999,-70.6,43.167,0.37633333333332075
726050-14745,-71.501,43.195,1.3461290322580624
726054-99999,-70.883,42.317,-6.71438956503475
726055-99999,-70.817,43.083,2.4609677419354767
726059-99999,-70.717,43.067,0.4898740399385417
726060-14764,-70.3,43.65,0.2915161290322601
726064-99999,-70.7,43.4,1.64985860833022
726065-99999,-70.4,43.333,-0.26292751322752395
726067-99999,-70.717,42.2,-28.712742154716295
726068-99999,-70.183,42.05,-4.0556118962553285
726069-99999,-70.5,41.783,-2.2271699095408906
726071-14606,-68.819,44.798,0.6441935483870793
726073-99999,-69.683,44.533,1.137829912023463
726074-99999,-69.55,45.45,0.0
726077-99999,-68.367,44.45,3.2761890451736804
726079-99999,-69.1,44.067,2.1123712014960176
726080-14608,-67.0,44.917,-0.6085085791401781
726083-99999,-68.313,47.285,-0.014516129032273284
726084-99999,-67.617,44.533,0.0
726085-99999,-66.95,44.8,0.0
726087-99999,-70.2,43.617,0.0
726088-14606,-68.819,44.798,-0.44000000000001194
726115-99999,-72.517,43.35,2.1886281105990975
726116-94765,-72.305,43.626,0.4451182795698685
726116-99999,-72.3,43.617,-0.6362365591398031
726120-99999,-72.2,44.933,-0.9587698378471714
726130-99999,-71.3,44.267,-0.2706451612903251
726140-54742,-72.019,44.42,1.469129032258067
726145-94705,-72.562,44.204,0.06359065628474525
726155-99999,-71.417,43.567,3.116723251355893
726160-99999,-71.183,44.583,-0.08715542521994735
726164-99999,-71.544,44.368,-0.893486943164362
726165-99999,-72.267,42.9,0.9667590478954082
726170-14742,-73.15,44.468,2.307741935483861
726180-99999,-70.533,44.533,-0.27319803797735176
726184-99999,-70.283,44.05,2.189658986175118
726185-14605,-69.797,44.316,-0.2741935483871174
726186-99999,-68.25,44.15,0.0
726187-99999,-69.1,44.1,0.6002764976958588
726190-99999,-69.583,45.467,1.1075999999999908
726196-14610,-68.693,45.648,1.3051827956989115
726221-94725,-74.846,44.936,-0.10516129032259869
726223-94725,-74.846,44.936,-0.7073118279570139
726225-04742,-73.468,44.651,0.6629765395894509
726226-99999,-91.2,43.817,0.20786259600353674
726227-94790,-76.022,43.992,0.6674193548386853
726228-99999,-74.2,44.383,2.1679913468272645
726350-94860,-85.524,42.883,0.4854838709677267
726355-99999,-86.433,42.133,1.1433580521567421
726356-99999,-86.483,42.117,-5.214299273562972
726357-99999,-85.55,42.233,1.5907994389901745
726358-99999,-86.282,41.703,-2.0150523167245495
726360-14840,-86.237,43.171,1.5680752688172106
726365-99999,-86.467,43.95,-1.9106189637516025
726366-99999,-86.333,43.233,0.014419354838693721
726370-14826,-83.749,42.967,1.6093548387096916
726375-99999,-83.417,42.667,0.6121290322580819
726376-99999,-82.417,43.0,-2.6187883342093556
726377-99999,-83.85,43.633,-0.1273589743589838
726379-14845,-84.08,43.533,0.3387096774193452
726380-94814,-84.674,44.359,1.3470967741935311
726384-14817,-85.417,44.283,-0.07002150537634577
726385-99999,-86.247,44.272,0.9804628791594752
726386-99999,-86.25,44.633,0.8764254656849744
726387-14850,-85.583,44.741,0.2941935483870992
726390-94849,-83.564,45.072,2.0438709677419524
726394-99999,-85.457,46.311,-0.8148727907551745
726395-14808,-83.4,44.45,1.244193548387102
726396-99999,-105.517,39.05,-11.889937931592073
726397-99999,-83.433,44.25,1.321129032258085
726399-99999,-86.233,45.95,0.8807370207450731
726400-14839,-87.904,42.955,1.9658064516128633
726404-99999,-89.733,45.933,-0.6045161290322625
726405-94869,-88.031,43.109,0.7064005376343943
726406-99999,-87.75,42.583,-3.318102051016666
726407-99999,-87.95,43.017,0.005287057636067516
726408-99999,-87.85,43.767,0.30544907407404764
726410-14837,-89.345,43.141,-0.39193548387098076
726415-99999,-89.042,42.62,0.682106785317032
726416-14921,-90.181,43.212,1.3571075268817197
726430-14920,-91.253,43.879,0.38967741935482536
726435-14991,-91.488,44.867,0.029806451612884644
726436-94930,-90.267,43.933,-0.9981377171215797
726437-99999,-90.733,43.967,1.0878408134642257
726440-14925,-92.492,43.904,-0.4074193548387228
726450-14898,-88.137,44.479,2.103870967741898
726454-99999,-87.55,44.133,-2.0950684341125907
726455-99999,-87.683,44.133,2.048341620747962
726456-99999,-88.55,43.983,-1.3871582181259612
726457-99999,-88.517,44.25,-0.5431390029325627
726458-99999,-87.417,44.85,2.53057757296466
726459-99999,-87.317,44.783,1.513493727402846
726460-14897,-89.628,44.929,0.7267741935483798
726463-14897,-89.628,44.929,0.10064516129033052
726464-99999,-88.717,43.167,-0.15516129032258164
726465-99999,-89.667,44.783,-0.456129032258076
726467-99999,-91.767,45.417,0.2356881720430266
726468-99999,-90.4,45.717,1.1313527252502666
726480-99999,-87.094,45.723,2.0714016428510433
726482-99999,-87.1,45.717,1.1992059553349748
726487-99999,-87.638,45.127,1.2120755760368525
726498-99999,-91.979,41.053,3.33333333330188E-4
726499-99999,-94.746,43.407,-0.5121198156681999
726500-99999,-95.15,43.167,-1.364922341696527
726506-04840,-88.491,43.769,0.6825806451612806
726510-14944,-96.754,43.578,-0.47258064516128684
726514-99999,-103.617,43.733,1.8986551459293395
726515-99999,-96.817,44.3,-0.21180580190228682
726516-24024,-101.601,44.051,0.10989736070382605
726520-99999,-98.533,43.067,0.07433194592185544
726525-99999,-97.383,42.917,-0.7221720430107723
726530-99999,-99.317,43.8,-0.6731019651464294
726540-14936,-98.223,44.398,-1.4732258064516373
726544-99999,-92.85,48.017,1.295483870967729
726545-99999,-98.039,43.775,-0.5531642228738889
726546-14946,-97.149,44.905,-0.5454838709677574
726547-99999,-95.317,45.65,-2.819384291725086
726550-14926,-94.051,45.543,0.8332258064516225
726553-99999,-95.717,44.969,1.6938064516128861
726555-99999,-94.133,46.4,0.35265591397848084
726556-14992,-95.08,44.548,0.3858064516128934
726556-99999,-95.083,44.55,-0.3710860215053913
726557-14910,-95.394,45.868,-1.4509677419354858
726558-99999,-92.5,46.7,-0.2196176821983329
726559-99999,-95.822,44.451,2.0685957573103764
726560-99999,-100.283,44.383,5.909795698924711
726563-99999,-93.311,44.325,2.501218727041973
726564-99999,-92.483,44.583,1.5103225806451661
726565-99999,-95.967,45.567,0.8791075268817252
726566-99999,-96.3,43.983,0.8196774193548606
726567-99999,-94.5,44.317,0.15387096774190923
726568-99999,-93.267,44.117,0.4148525345622147
726569-99999,-94.383,44.867,0.04173041474653871
726574-99999,-90.189,44.637,-0.6834999999999951
726576-14928,-95.083,45.117,1.3078830645161332
726578-99999,-94.347,45.949,0.6598220244716231
726580-14922,-93.229,44.883,0.632903225806416
726583-99999,-94.5,45.1,2.802299502741292
726584-14927,-93.056,44.932,1.6584774193548242
726585-99999,-93.919,44.223,0.978782578933874
726586-99999,-94.417,43.65,0.2880437523173782
726587-99999,-95.583,43.65,-0.6221289910600376
726588-99999,-91.7,44.083,0.044516129032246
726589-99999,-93.367,43.683,1.385066631046982
726590-14929,-98.413,45.443,-2.459677419354847
726603-99999,-93.033,44.85,-0.2822580645161139
726610-99999,-103.533,45.267,1.4307938013915162
726620-24090,-103.054,44.043,4.015161290322581
726625-24006,-103.1,44.15,0.6439631336405398
726626-99999,-89.117,45.15,-12.601218135781679
726627-94037,-103.546,45.604,-0.3529032258064575
726627-99999,-103.55,45.6,1.2936559139784976
726650-99999,-105.539,44.349,5.807629755782614
726660-24029,-106.969,44.769,3.7435483870967516
726664-94173,-110.421,44.544,4.808075073313759
726665-24062,-107.951,43.966,0.09387096774194958
726665-99999,-107.95,43.967,1.576215053763434
726671-99999,-105.4,45.433,0.2551619153793183
726675-24037,-105.883,46.427,0.547096774193534
726676-99999,-104.8,47.133,7.687932258064507
726685-99999,-100.408,45.547,2.97705376344085
726686-24025,-100.286,44.381,-0.9539462365591476
726695-99999,-102.106,45.919,1.4010592120575183
726700-99999,-109.017,44.517,3.0477334074898295
726710-24164,-110.108,42.584,-0.40645161290323983
726710-99999,-110.1,42.567,1.587823086113417
726761-99999,-111.1,44.65,1.9341437039529836
726763-99999,-111.1,44.65,-0.19229178338001418
726764-99999,-111.117,44.683,2.7943630457901207
726765-99999,-111.117,44.683,1.009113538743435
726766-99999,-112.317,44.567,1.2592511844436132
726770-24033,-108.542,45.807,5.603870967741898
726775-99999,-109.833,46.433,6.102627842522679
726776-24036,-109.458,47.049,3.5100322580644985
726785-24135,-112.501,45.965,0.5009677419354688
726796-24138,-112.554,45.258,4.1346129032258006
726797-24132,-111.161,45.788,3.4586989247311806
726798-24150,-110.441,45.698,4.436354838709647
726810-24131,-116.241,43.567,4.120716520039096
726813-99999,-116.633,43.633,1.1035376344085819
726815-24106,-115.867,43.05,2.112946236559111
726817-24154,-115.645,47.457,0.0
726818-94194,-111.804,43.834,-0.4657956989247367
726824-04112,-114.927,44.171,0.5364516129032211
726830-94185,-118.956,43.595,5.39129032258063
726835-24230,-121.139,44.256,3.753072196620579
726837-24162,-117.013,44.021,5.381606182795679
726838-94185,-118.956,43.595,0.0
726865-99999,-113.883,45.117,2.910693164362513
726866-99999,-113.9,45.183,-0.09326255464962685
726871-99999,-116.133,45.95,0.8191547735418823
726873-99999,-116.123,45.943,1.1531720430107413
726874-99999,-117.65,42.9,0.0
726876-99999,-118.967,44.4,0.8466934274798206
726880-24155,-118.855,45.698,3.5490322580645
726884-24148,-118.0,45.283,5.103814386355211
726885-24152,-118.425,45.511,2.9430517375720626
726886-24130,-117.809,44.843,1.5451408972932796
726904-24231,-123.355,43.239,2.7419591252760824
726916-99999,-124.167,43.683,-0.10136478995524811
726917-24284,-124.244,43.413,-1.6632258064516066
726930-24221,-123.221,44.128,2.8293978494623815
726940-24232,-123.001,44.905,2.4816129032257948
726945-99999,-123.283,44.483,5.2844923599320595
726955-99999,-124.117,44.0,-0.6847419354838706
726956-99999,-124.05,44.617,-0.920608073948344
726958-24285,-124.05,44.583,0.1533847592332762
726959-99999,-122.767,45.25,5.1435909090909036
726980-24229,-122.609,45.596,3.2730272952853454
726985-99999,-122.4,45.55,7.632248643113144
726986-99999,-122.95,45.533,8.534967741935489
726987-99999,-121.883,45.667,6.791764194905852
726988-24219,-121.166,45.619,2.6184907834100954
726989-99999,-123.917,45.567,0.0
727031-99999,-67.783,46.133,1.396250000000009
727033-14609,-67.793,46.124,-0.5203225806451854
727033-99999,-67.8,46.117,1.6112903225806576
727119-99999,-69.517,46.617,0.36564439324118325
727120-14607,-68.017,46.871,-0.2835483870967721
727125-14623,-67.883,46.95,1.6441935483870793
727130-14604,-68.05,46.683,-0.5785253456221398
727135-99999,-69.713,43.961,0.0
727340-14847,-84.357,46.479,-0.6051612903225845
727344-99999,-84.467,46.25,1.251382955987438
727345-14847,-84.357,46.479,-0.9864516129032097
727346-99999,-84.333,46.5,3.8076986069177394
727347-14841,-84.793,45.564,0.23940860215053306
727348-99999,-84.717,45.85,1.0627104072131885
727410-99999,-90.45,45.933,0.7500201970187419
727415-99999,-89.467,45.633,0.05322580645162134
727430-94850,-87.549,46.531,-0.46316286938866824
727435-99999,-84.637,45.865,-0.16031416549789412
727436-99999,-85.2,44.983,2.434516129032261
727437-99999,-88.117,45.817,1.9925806451612829
727438-99999,-87.383,46.55,2.1057607159042107
727440-14858,-88.489,47.169,0.8836962365591319
727444-99999,-91.75,47.05,1.6205161290322678
727445-99999,-90.131,46.527,1.3311730205278423
727448-99999,-88.633,47.233,0.20537233316264292
727450-14913,-92.183,46.837,2.0893548387096814
727452-99999,-96.617,47.85,2.505733036707454
727453-94967,-95.068,46.901,0.8083870967741831
727455-94931,-92.839,47.386,0.9196774193548265
727456-99999,-92.043,46.722,3.011205939580094
727457-99999,-95.886,46.825,2.7875284297367386
727458-99999,-93.517,47.217,0.07239154616237897
727459-99999,-91.833,47.817,1.727675464320626
727470-14918,-93.398,48.561,0.6387096774193566
727473-99999,-92.483,48.267,0.3524578381437493
727474-99999,-92.498,47.425,0.5672004608294969
727475-99999,-93.272,45.886,1.0867096774193215
727476-94961,-94.6,48.717,0.43581757508343344
727477-99999,-95.7,48.85,1.750335031126184
727478-99999,-96.95,48.75,1.2476774193548437
727500-99999,-94.317,46.6,1.8002796979006916
727503-99999,-93.267,45.55,2.708322580645145
727504-99999,-93.683,46.55,1.7385161290322628
727505-99999,-95.767,47.6,1.7417419354838728
727507-99999,-95.65,45.333,0.3309677419354813
727530-14914,-96.811,46.925,0.8619354838709654
727533-99999,-96.544,45.78,1.0131612903225715
727534-99999,-97.15,46.1,1.4119354838709768
727535-14919,-98.669,46.926,-2.4938709677419553
727550-99999,-94.933,47.5,-1.169032258064533
727554-99999,-90.833,47.583,-0.4294283154121672
727555-99999,-96.185,48.066,0.4844868035190615
727556-99999,-91.417,47.25,1.3465207373272108
727560-99999,-95.35,48.933,3.377824235923498
727566-99999,-92.933,43.667,1.597193548387068
727572-99999,-98.9,48.117,1.8561937699963522
727573-99999,-98.909,48.114,-0.19600000000002638
727575-94925,-97.4,47.967,-0.20498533724341428
727576-14916,-97.184,47.943,-1.884838709677453
727580-99999,-98.867,48.1,1.8098709677419151
727640-24011,-100.757,46.783,0.6009677419354773
727645-24012,-102.797,46.799,1.949112903225796
727650-99999,-101.833,47.75,2.6837730414746517
727670-94014,-103.637,48.174,2.2364516129032523
727675-94011,-101.35,48.417,0.00379354838705126
727676-24013,-101.273,48.255,0.8783870967741905
727677-99999,-101.433,47.65,0.0
727680-94008,-106.621,48.214,4.391956989247319
727684-99999,-106.953,47.329,4.449397849462386
727686-99999,-105.583,48.1,9.840615911878587
727687-99999,-104.193,47.707,4.218799784661002
727720-24144,-111.964,46.606,5.25451612903224
727730-24153,-114.093,46.921,3.8451612903225794
727735-24139,-113.176,46.638,1.1259088515118378
727750-24143,-111.382,47.473,2.3674193548387166
727755-24112,-111.183,47.517,4.310182795698893
727760-99999,-111.383,47.45,1.913342921724194
727770-94012,-109.763,48.543,3.2936881720430193
727790-24146,-114.264,48.304,2.6699892473118325
727795-99999,-115.367,47.6,2.953953460705762
727796-24137,-112.375,48.603,5.092580645161277
727810-24243,-120.543,46.568,3.1158064516128974
727815-24237,-121.337,47.277,3.969677419354838
727825-94239,-120.201,47.398,0.32354838709677836
727825-99999,-120.207,47.399,1.0806451612903345
727826-24141,-119.515,47.308,2.5332903225806405
727827-24110,-119.319,47.208,3.462903225806471
727830-24149,-117.016,46.375,3.077096774193535
727833-99999,-114.217,44.517,1.2802795698924712
727834-99999,-116.817,47.767,2.990572580645164
727836-99999,-115.8,47.467,1.9215028949545285
727840-99999,-119.6,46.567,3.3330511003431553
727845-24163,-119.117,46.267,2.973895781637694
727846-24160,-118.287,46.095,2.9151612903225868
727850-24157,-117.528,47.622,3.532442396313371
727855-24114,-117.65,47.633,1.7533978494623454
727856-99999,-117.317,47.683,3.1312903225806394
727857-99999,-117.117,46.75,3.6468082231285877
727871-99999,-117.883,48.55,1.491803030303032
727873-99999,-117.883,48.55,4.453297781928214
727883-24220,-120.53,47.034,1.1390322580645034
727885-99999,-123.5,48.117,-2.1512795698924663
727890-99999,-119.533,48.417,5.351467424122063
727910-94224,-123.883,46.157,0.3943047830923234
727915-99999,-124.05,46.283,0.09359447004608512
727916-99999,-124.1,46.917,0.0
727920-24227,-122.903,46.973,2.1247526881720233
727923-94225,-123.93,46.973,-0.8669139784946225
727924-24223,-122.894,46.117,2.82268436154132
727925-94227,-123.141,47.238,0.456774193548398
727925-99999,-123.15,47.233,7.586999035015168
727926-99999,-122.8,46.483,2.572430404431543
727927-94225,-123.93,46.973,1.9221228878648304
727928-99999,-122.75,47.483,3.8790003707823786
727930-24233,-122.314,47.444,3.8722580645161173
727934-99999,-122.216,47.493,2.1313889506859454
727935-24234,-122.301,47.53,1.608709677419327
727937-99999,-122.283,47.9,1.7490322580645028
727938-99999,-122.567,47.267,4.183916295884302
727964-99999,-122.667,48.25,-1.3395379835218364
727970-94240,-124.555,47.938,0.9117531556802305
727975-24255,-122.667,48.35,1.787419354838704
727976-24217,-122.537,48.794,2.0416129032258254
727977-99999,-124.633,47.9,0.0
727985-99999,-123.024,48.522,1.46332497013141
740030-99999,-112.933,40.167,-0.2638363879094072
742006-99999,-122.417,48.467,0.4101488833747027
742060-24207,-122.483,47.15,1.0738709677419251
742070-24201,-122.583,47.083,1.6338817204301108
742300-24037,-105.883,46.427,2.0832258064516225
743700-99999,-75.733,44.05,0.9750782556750011
743920-14611,-69.933,43.9,2.1281566820276225
743926-99999,-69.333,43.767,-0.5677534562211974
743941-99999,-71.433,42.933,-1.0051612903225902
743945-14710,-71.438,42.933,0.6845161290322608
743946-99999,-71.517,42.783,0.3237543045892153
744600-99999,-88.683,41.367,-0.4200000000000017
744655-99999,-88.467,41.767,1.3229770700388457
744860-94789,-73.762,40.639,0.931935483870987
744864-99999,-73.4,40.717,2.172645161290319
744865-14719,-72.632,40.844,2.3338709677419445
744900-14702,-71.289,42.47,-1.3392607526882045
744905-04779,-71.6,42.567,0.12290767813738057
744907-14753,-71.114,42.212,0.03636798088409421
744910-14703,-72.533,42.2,1.1387096774193282
744915-14775,-72.716,42.158,-0.1702539859102501
744940-99999,-69.967,41.667,0.42314030140769887
744975-99999,-73.55,40.583,0.0
744976-99999,-73.883,40.567,-6.905501329249574
744989-14747,-79.272,42.493,0.0
744994-04741,-73.95,42.85,0.9216685801213345
745060-23239,-122.317,37.733,2.3779462365591257
745090-23244,-122.048,37.406,-0.19208898776419403
745160-23202,-121.933,38.267,3.47082334869431
745310-93065,-104.817,38.967,0.5047646224742834
745700-13840,-84.05,39.833,-0.6709677419354989
745940-13705,-76.867,38.817,1.7461290322580254
745944-93784,-76.609,39.281,0.6968494623655914
745950-99999,-75.083,38.333,-0.10748766284484645
745965-13756,-74.883,38.95,0.0
745966-99999,-74.9,39.0,1.4136101841552318
745980-13702,-76.36,37.083,1.12451612903223
745985-99999,-80.017,36.633,-0.27935483870966493
746110-99999,-116.63,35.281,2.147761705958061
746120-93104,-117.693,35.688,2.8255066683779546
746190-99999,-117.1,36.333,0.0
746300-99999,-106.667,33.817,-0.010632862789378805
746375-99999,-105.583,34.933,0.0
746710-13806,-87.483,36.667,0.2138709677418973
746715-03816,-88.774,37.056,2.2625806451612647
746716-93808,-86.424,36.965,1.2290107526881684
746930-93737,-78.933,35.133,2.984801488833753
746941-13786,-76.175,36.261,6.106785316717378E-4
746943-13786,-76.175,36.261,1.8334193548386821
746950-99999,-75.9,35.667,1.730491984902983
747020-23110,-119.95,36.333,-1.291690767519512
747185-99999,-115.579,32.834,2.690322580645173
747186-99999,-116.467,32.633,2.7421192538612047
747187-03104,-116.159,33.627,2.3606451612903214
747188-23158,-114.714,33.619,2.3006451612902907
747240-23168,-112.717,32.883,-0.11893554679313922
747300-99999,-102.417,30.167,-5.5487043010752615
747320-99999,-106.1,32.85,-1.5172314597044192
747330-99999,-106.4,33.9,0.01999999999999602
747340-99999,-106.4,32.633,-0.9256817726452908
747400-13973,-99.766,30.511,1.507096774193542
747540-13934,-92.55,31.317,-1.3199838709677323
747550-99999,-92.567,31.133,0.3220954951608377
747685-99999,-89.067,30.4,1.335831144754394
747686-13820,-88.917,30.417,0.6977419354838759
747750-13846,-85.583,30.067,-0.3166989247312131
747770-03852,-86.683,30.417,1.3566344086021331
747804-99999,-81.146,32.009,-0.2880645161290829
747810-99999,-83.2,30.967,-1.7415916341723232
747880-12810,-82.517,27.85,-0.5216129032258152
747900-13849,-80.467,33.967,2.2293548387096536
747910-13717,-78.933,33.683,0.8293548387096621
747915-93718,-78.724,33.812,1.2222580645161258
747940-12868,-80.55,28.467,-1.156827042793111
747945-99999,-80.7,28.617,0.3538709677419405
747946-99999,-80.694,28.615,-0.4335483870967778
747950-12867,-80.6,28.233,0.6235483870967329
747960-12804,-81.333,27.65,0.8825810285579649
749000-99999,-86.05,35.366,0.0
749058-99999,-98.449,29.35,3.225806451467861E-4
749105-99999,-73.6,40.733,1.329677419354823
910660-22701,-177.383,28.2,3.1656939082640747
911550-99999,-166.283,23.867,-0.07506311360450013
911610-99999,-159.65,22.15,1.1966500922015086
911620-22501,-159.783,22.033,-0.2267074594081464
911650-22536,-159.341,21.984,-0.008064516129053345
911700-22508,-158.028,21.487,0.8823262200165516
911760-22519,-157.783,21.45,-0.19611827956988748
911780-22514,-158.067,21.317,1.754193548387093
911800-99999,-157.95,21.333,-0.12032258064516554
911820-22521,-157.929,21.324,1.930322580645111
911860-99999,-157.1,21.15,1.1755022137887323
911890-99999,-156.683,20.917,0.8978648433847667
911900-22516,-156.429,20.9,0.28113548387092635
911903-22516,-156.429,20.9,0.2041935483870958
911904-99999,-156.667,20.95,1.0125806451612789
911905-99999,-156.95,20.783,2.4772844724591323
911975-99999,-156.033,19.733,1.6332258064516196
911976-99999,-155.667,20.0,1.075625273052168
911977-99999,-155.55,19.75,2.5506314434033897
912850-21504,-155.053,19.719,1.055806451612881
990170-99999,-20.0,57.0,-0.3073602227942942
990230-99999,-17.0,47.0,-0.38611111111110574
992010-99999,-999.999,-99.999,0.9679541978390347
992020-99999,-162.3,23.4,-0.5669569892473021
992030-99999,-148.3,56.3,-0.07946163245357951
992040-99999,-89.7,25.9,-0.033256528417808795
992050-99999,-130.0,38.0,-3.168566308243747
992070-99999,-70.7,38.5,1.1055889935216925
992090-99999,-87.6,48.0,3.5008709677419247
992110-99999,-86.5,47.2,3.056860215053753
992120-99999,-88.8,30.1,0.1717464019850894
992130-99999,-90.0,47.3,2.3167275985663167
992140-99999,-87.1,42.7,0.41521091811415545
992150-99999,-75.083,32.0,-0.010459433040054478
992160-99999,-130.3,42.5,0.34847311827954996
992170-99999,-155.9,51.9,-0.18247615433270425
992180-99999,-86.3,45.3,1.342387096774175
992190-99999,-135.9,50.9,-0.026129032258040752
992200-99999,-137.6,40.8,0.23145685087406775
992210-99999,-131.0,46.1,0.32451612903226845
992220-99999,-82.4,44.3,0.9774486803519125
992230-99999,-82.8,45.3,1.2214516129032233
992240-99999,-82.4,41.7,0.8760506508205879
992260-99999,134.3,37.7,-0.14245161290321562
992280-99999,135.0,29.0,0.8805376344086113
992290-99999,-124.383,41.85,-27.59305736532653
992300-99999,126.0,28.3,0.9251920652576899
992310-99999,-121.017,35.167,0.0
992360-99999,-66.6,41.1,-0.664516129032279
992370-99999,-124.51,46.15,0.0
992380-99999,-121.89,35.74,-0.5787096774193472
992400-99999,-74.7,38.45,0.6612903225806264
992410-99999,-122.2,36.8,-3.0230472466601412
992420-99999,-70.783,42.383,-1.224853372434012
992430-99999,-157.8,17.2,-1.3082258064516168
992440-99999,-85.9,26.0,0.3504099213879215
992470-99999,-120.9,34.9,-0.3751612903225805
992480-99999,-122.881,37.363,-0.5938330191749728
992490-99999,-123.3,38.2,-1.6587779886148013
992500-99999,-124.0,39.2,-1.1494086021505368
992580-99999,-120.967,34.717,-1.6941397849462305
992600-99999,-119.083,33.733,-1.2711111111111109
992610-99999,-160.8,19.2,-0.7230767025089619
992620-99999,-152.6,17.5,3.7992831543931516E-4
992640-99999,-122.833,37.759,-0.7803655913978602
992650-99999,-124.5,40.433,0.380124069478903
992710-99999,-93.6,25.9,0.872309574598205
992730-99999,-79.1,32.5,0.0
992740-99999,-124.5,40.8,-0.8559997388010956
992760-99999,-69.128,43.204,1.7651532258064435
992780-99999,-71.144,43.531,0.050322580645172366
992790-99999,-69.467,40.5,0.7822688172043115
992810-99999,-124.4,41.8,-0.200698924731185
992820-99999,-177.7,57.1,0.7580967741935609
992850-99999,-146.7,60.6,0.0
992930-99999,-133.833,48.317,-0.7317104257749278
992960-99999,-120.9,34.9,0.0
992980-99999,-51.7,43.7,0.0
994010-99999,-89.433,28.9,0.43024422197504464
994020-99999,-75.717,36.9,1.5700224828934495
994030-99999,-75.3,35.15,0.21527419354839594
994040-99999,-77.583,33.483,-0.18042473118278224
994050-99999,-80.033,26.617,1.1158064516129116
994060-99999,-68.117,43.967,1.5048387096774007
994070-99999,-124.483,47.667,-0.383377827215412
994080-99999,-133.633,57.267,-0.8875698924731452
994090-99999,-88.367,48.217,2.40482397979396
994100-99999,-73.8,40.45,0.5039444650434461
994110-99999,-97.067,27.833,1.648013090229071
994120-99999,-123.733,38.95,-1.2632231182795906
994130-99999,-89.317,47.867,2.3594516129032144
994140-99999,-71.033,41.383,1.2751553578049624
994160-99999,-76.517,34.617,0.7322531017369727
994180-99999,-122.833,48.317,-2.114231671554265
994190-99999,-90.733,47.083,0.30630107526882
994200-99999,-87.217,47.183,2.671311827956984
994210-99999,-120.633,34.567,-1.2492628846867007
994220-99999,-82.45,27.067,0.9092255189465845
994230-99999,-79.883,32.683,0.18295698924731596
994240-99999,-124.367,43.333,-0.9510752688172062
994250-99999,-79.35,42.483,2.4116666666666333
994260-99999,-94.05,29.667,1.6648924731182575
994270-99999,-70.617,42.967,1.0609569892473019
994280-99999,-124.067,44.617,-0.4751612903225819
994290-99999,-89.95,29.267,0.02567383512544552
994300-99999,-124.733,48.383,-0.38879807193178095
994320-99999,-76.433,43.883,0.8170967741935442
994330-99999,-87.683,43.75,1.195387096774212
994340-99999,-82.833,41.617,1.6673763440860085
994350-99999,-122.433,47.667,-1.7183882915173143
994360-99999,-85.367,29.667,-4.625365591397852
994370-99999,-68.867,43.783,1.7939163679808843
994400-99999,-76.433,38.9,1.6048446833930683
994410-99999,-81.267,29.867,0.8416006630116186
994420-99999,-88.083,30.25,0.9654392059553345
994430-99999,-80.383,25.017,0.3802730841440223
994450-99999,-81.1,24.617,0.5343826473859963
994560-99999,-80.1,25.583,2.059978494623664
994570-99999,-81.883,24.467,0.7077849462365577
994580-99999,-75.8,44.783,0.982338709677407
994590-99999,-75.983,44.3,0.0
994620-99999,-80.867,24.833,-0.0677419354838662
994640-99999,-83.033,29.133,0.04129032258063603
994650-99999,-83.583,29.817,-0.08129032258064228
994660-99999,-146.7,61.067,0.03645161290322818
994670-99999,-146.667,61.083,-0.04967741935483616
994680-99999,-146.883,60.833,-0.11612903225807258
994690-99999,-152.133,60.55,-0.19709677419355387
994700-99999,-153.35,59.383,-0.3058064516129093
995000-99999,-88.2,29.183,-0.022288786482320688
995160-99999,-146.817,60.217,0.0
995450-99999,-80.166,28.519,0.17081157194063223
995460-99999,-78.483,28.95,0.1309247311828159
995470-99999,-86.05,28.783,0.0
995910-99999,-84.7,28.833,0.0
996190-99999,-96.7,26.933,0.3635483870967846
996220-99999,-138.0,58.25,-0.544482468443185
996300-99999,-74.833,36.6,1.9813239926143211
996350-99999,-80.55,30.033,-0.1122580645161122
996400-99999,-119.85,34.233,0.19225806451614602
996420-99999,-73.167,40.25,1.4735944700460522
996470-99999,-120.45,34.267,0.052580645161299344
996610-99999,-155.0,52.65,0.0
996740-99999,-119.533,32.433,0.07635483870967619
996760-99999,-124.533,44.617,0.1264516129032387
996970-99999,-94.4,29.233,0.039677419354845256
999999-03047,-102.807,31.622,0.0
999999-03048,-106.886,34.356,0.0
999999-03103,-111.666,35.144,2.239440860215055
999999-03133,-116.05,36.95,-0.27806451612902094
999999-03728,-79.364,33.153,-0.1316557734204764
999999-03812,-82.538,35.432,-3.550322580645158
999999-03813,-83.653,32.685,-2.5945161290322716
999999-03815,-87.35,30.483,-1.5650233394468955
999999-03816,-88.774,37.056,-0.7406451612903169
999999-03820,-81.963,33.364,-3.9164516129032307
999999-03840,-87.2,30.533,-1.3552846891070374
999999-03849,-84.077,37.087,0.0
999999-03853,-81.417,30.4,-0.20523141654977906
999999-03855,-87.317,30.35,0.19612903225807088
999999-03856,-86.786,34.644,-1.4919354838709467
999999-03858,-80.8,33.967,0.0
999999-03860,-82.555,38.365,-0.1712903225806457
999999-03866,-88.567,32.55,-0.16225806451613778
999999-03870,-82.221,34.884,0.0
999999-03872,-81.123,37.784,-0.033225806451596895
999999-03927,-97.019,32.898,-1.9329032258064558
999999-03928,-97.43,37.648,-3.153548387096805
999999-04126,-113.556,43.462,0.0
999999-04127,-116.751,43.204,0.0
999999-04128,-119.692,43.471,0.0
999999-04222,-122.607,40.651,0.0
999999-04223,-121.446,48.541,0.0
999999-04725,-75.98,42.207,-2.564516129032242
999999-04739,-74.067,40.183,0.0
999999-04751,-78.633,41.8,-1.2141935483871151
999999-04769,-71.483,42.417,-0.24258064516128286
999999-04990,-96.622,43.735,0.0
999999-04994,-95.874,48.306,0.0
999999-12834,-81.048,29.183,-1.2951612903225822
999999-12835,-81.861,26.585,-0.9922580645161361
999999-12836,-81.752,24.555,-0.9435483870967829
999999-12839,-80.316,25.791,-1.930645161290343
999999-12841,-81.333,28.545,-0.6012903225806383
999999-12842,-82.54,27.962,-0.29935483870966095
999999-12844,-80.099,26.685,-2.0416129032258254
999999-12850,-81.683,24.583,-0.21612903225809532
999999-12854,-81.244,28.78,-1.67778202174172
999999-12917,-94.021,29.951,-1.1806451612903146
999999-12918,-95.282,29.638,-0.017526140526129552
999999-12922,-97.083,28.783,-0.6458064516129127
999999-12925,-97.667,28.367,-0.0016129032258049847
999999-12926,-97.283,27.683,0.7906451612903282
999999-12928,-97.817,27.5,-1.2366129032258044
999999-12931,-98.45,29.35,-0.0022580645161127677
999999-12946,-97.433,27.7,2.6495506117908576
999999-12958,-90.017,29.817,-0.45741935483870577
999999-13025,-6.35,36.65,-1.4477419354838474
999999-13710,-77.017,38.833,-0.21176208083640802
999999-13726,-77.95,37.067,0.0
999999-13729,-79.853,38.885,-2.6603225806451576
999999-13730,-77.383,39.417,-0.484380248082914
999999-13732,-78.15,38.067,0.5722580645161344
999999-13733,-79.207,37.321,-1.1893548387096615
999999-13734,-77.984,39.402,0.412903225806474
999999-13735,-75.067,39.367,-0.09709677419354534
999999-13737,-76.192,36.903,-0.7593548387096831
999999-13739,-75.231,39.868,0.23258064516129195
999999-13740,-77.32,37.505,-1.3722580645161315
999999-13741,-79.974,37.317,-1.6080645161290192
999999-13744,-79.724,34.185,-1.0480645161290312
999999-13748,-77.9,34.268,-1.1541935483870986
999999-13750,-76.283,36.95,-0.13387096774194163
999999-13751,-77.033,38.85,0.5758064516129195
999999-13752,-76.467,38.983,1.6758064516129139
999999-13753,-74.583,39.45,0.6006451612903305
999999-13754,-76.883,34.9,-1.1196774193548293
999999-13755,-75.433,37.933,0.5129032258064541
999999-13760,-77.033,38.333,0.6631950844854231
999999-13769,-76.033,36.817,-2.4504063965856204
999999-13771,-75.167,39.883,0.4806762232624777
999999-13773,-77.3,38.5,0.5367741935483963
999999-13781,-75.601,39.673,-0.789032258064509
999999-13822,-82.383,34.767,-0.14225806451614176
999999-13865,-88.744,32.335,-3.550645161290305
999999-13866,-81.59,38.379,-2.784193548387094
999999-13870,-82.507,31.536,0.0
999999-13873,-83.328,33.948,-2.3274193548387245
999999-13874,-84.442,33.63,-2.9367741935483878
999999-13876,-86.745,33.566,-3.567741935483852
999999-13877,-82.404,36.473,-1.9983870967741666
999999-13881,-80.955,35.224,-2.8403225806451644
999999-13882,-85.201,35.031,-3.592903225806438
999999-13883,-81.118,33.942,-2.4954838709677603
999999-13893,-89.987,35.056,-3.197419354838715
999999-13894,-88.246,30.688,-1.3332258064516225
999999-13895,-86.408,32.3,-3.408387096774163
999999-13897,-86.689,36.119,-2.287741935483865
999999-13899,-87.187,30.478,-0.9629032258064427
999999-13904,-97.68,30.183,-2.795483870967729
999999-13928,-97.067,31.633,-3.0878817204301043
999999-13935,-92.296,31.393,0.2948387096774212
999999-13941,-93.143,30.21,-1.5406451612903282
999999-13956,-90.233,32.333,-1.533225806451597
999999-13957,-93.824,32.447,-2.034516129032241
999999-13958,-97.76,30.321,-3.4838709677419217
999999-13963,-92.239,34.727,-1.9461290322580709
999999-13970,-91.147,30.537,-2.0883870967741984
999999-13973,-99.766,30.511,-2.01935483870966
999999-13981,-95.484,37.67,0.13387096774195584
999999-13983,-92.367,38.967,0.0035483870967709663
999999-13984,-97.651,39.551,-0.6641935483870895
999999-13985,-99.968,37.769,-0.6970967741935397
999999-13993,-94.923,39.774,-0.07625806451612505
999999-13994,-90.374,38.753,-1.3329032258064757
999999-13995,-93.39,37.24,-0.9216129032258209
999999-13996,-95.626,39.073,-2.9012903225806355
999999-13997,-91.768,38.131,1.520967741935479
999999-14601,-68.817,44.8,-1.6509677419354887
999999-14607,-68.017,46.871,-1.8667741935483946
999999-14610,-68.693,45.648,-1.549999999999983
999999-14622,-68.667,44.95,-1.995161290322585
999999-14708,-73.6,40.733,0.30000000000001137
999999-14710,-71.438,42.933,-1.0506451612903192
999999-14732,-73.88,40.779,-0.9938709677419411
999999-14734,-74.169,40.683,0.5090322580645221
999999-14737,-75.449,40.651,-0.8983870967741723
999999-14740,-72.683,41.938,0.7345161290322437
999999-14741,-79.1,41.15,0.0
999999-14745,-71.501,43.195,-1.2680645161290016
999999-14752,-72.651,41.736,0.0
999999-14756,-70.061,41.253,-0.30258064516128513
999999-14758,-72.887,41.264,-1.0922580645161304
999999-14761,-78.083,40.9,-0.07774193548388553
999999-14764,-70.3,43.65,-1.4619354838709455
999999-14765,-71.433,41.722,0.25516129032257595
999999-14768,-77.677,43.117,-1.7809677419354841
999999-14776,-72.305,43.626,0.0
999999-14777,-75.727,41.334,-1.2196774193548094
999999-14778,-76.922,41.243,-2.700645161290325
999999-14780,-74.35,40.033,0.5567741935483923
999999-14786,-73.883,40.583,2.3707949308755616
999999-14788,-71.417,41.583,1.1006451612902879
999999-14790,-70.933,42.15,1.067419354838691
999999-14793,-75.15,40.2,-0.1274193548387217
999999-14810,-87.9,41.983,0.0
999999-14819,-87.752,41.786,-1.5561290322580703
999999-14820,-81.853,41.405,-3.8916129032258056
999999-14821,-82.881,39.991,-3.035483870967724
999999-14822,-83.01,42.409,-0.9451612903226021
999999-14826,-83.749,42.967,-2.230322580645165
999999-14830,-85.667,42.9,0.08451612903226646
999999-14836,-84.579,42.78,-0.32251152073732214
999999-14840,-86.237,43.171,-1.4554838709677682
999999-14842,-89.684,40.668,-2.3209677419354904
999999-14845,-84.08,43.533,-0.44967741935482763
999999-14848,-86.316,41.707,-2.670000000000016
999999-14850,-85.583,44.741,-0.6406451612903226
999999-14853,-83.533,42.233,-1.760645161290327
999999-14855,-87.833,42.083,0.3370967741935402
999999-14856,-83.167,42.1,-1.5509677419354801
999999-14858,-88.489,47.169,1.1641935483870611
999999-14860,-80.183,42.08,-2.5616989247312034
999999-14891,-82.518,40.82,0.002903225806477394
999999-14895,-81.433,40.917,-1.6632258064516066
999999-14897,-89.628,44.929,1.1174193548387166
999999-14904,-96.767,40.85,0.0
999999-14916,-97.184,47.943,0.0
999999-14918,-93.398,48.561,0.46064516129032995
999999-14923,-90.523,41.465,-0.9135483870967818
999999-14925,-92.492,43.904,-3.6919354838709637
999999-14926,-94.051,45.543,-0.08258064516130048
999999-14929,-98.413,45.443,1.6335483870967806
999999-14931,-91.125,40.783,-2.175483870967753
999999-14933,-93.653,41.534,-1.2270967741935408
999999-14935,-98.314,40.961,-1.2193548387096627
999999-14936,-98.223,44.398,-1.3129032258064655
999999-14940,-93.327,43.154,-0.12903225806451246
999999-14941,-97.435,41.986,-1.4348387096774218
999999-14942,-95.899,41.31,-1.297096774193534
999999-14943,-96.379,42.391,-1.9399999999999977
999999-14944,-96.754,43.578,-0.9167741935483775
999999-14947,-93.217,44.883,1.1655698924731155
999999-14991,-91.488,44.867,-0.040967741935489244
999999-21504,-155.053,19.719,0.7622580645161321
999999-22514,-158.067,21.317,1.9883870967741615
999999-22519,-157.783,21.45,1.6205892494602523
999999-22536,-159.341,21.984,0.6890322580645005
999999-23012,-104.9,39.717,-0.4080645161290448
999999-23017,-100.4,31.4,0.0
999999-23019,-106.4,31.833,-0.24419354838710206
999999-23043,-104.533,33.4,-1.504516129032254
999999-23052,-104.502,36.741,-0.8842307692307543
999999-23061,-105.861,37.439,-0.9107081678055096
999999-23063,-106.917,39.65,-0.772903225806445
999999-23065,-101.693,39.367,-1.3390322580645204
999999-23066,-108.54,39.134,1.477096774193555
999999-23067,-103.512,38.049,1.2587096774193753
999999-23070,-104.338,37.262,0.04580645161291841
999999-23090,-108.229,36.744,-1.2212903225806286
999999-23118,-119.867,39.667,-0.10433815350387476
999999-23136,-119.083,34.217,0.088709677419331
999999-23152,-118.358,34.201,1.193548387096783
999999-23153,-117.09,38.051,-1.2406451612903169
999999-23154,-114.847,39.295,-1.6780645161290124
999999-23155,-119.054,35.434,1.757096774193542
999999-23157,-118.358,37.371,-0.4320349963267063
999999-23159,-112.146,37.706,-1.08325917686318
999999-23160,-110.955,32.131,-1.9923225806451654
999999-23169,-115.163,36.072,-0.8322580645161253
999999-23174,-118.389,33.938,2.5832258064516225
999999-23176,-113.017,38.417,-0.37304351395731317
999999-23179,-114.619,34.768,0.6245161290322443
999999-23182,-118.084,34.629,0.0
999999-23183,-112.004,33.428,-0.39645161290324893
999999-23184,-112.421,34.652,-1.256870967741932
999999-23187,-118.724,34.744,0.2561424731182598
999999-23188,-117.183,32.734,0.9696774193548379
999999-23190,-119.843,34.426,0.7858064516128991
999999-23194,-110.721,35.028,-0.32258064516129537
999999-23195,-114.6,32.667,-2.308387096774183
999999-23199,-115.683,32.817,0.5194196219862022
999999-23225,-120.71,39.277,1.1532258064516014
999999-23230,-122.221,37.721,-0.08419354838709125
999999-23232,-121.495,38.507,2.7645161290322733
999999-23233,-121.608,36.664,0.4687096774193549
999999-23234,-122.365,37.62,2.2235483870967556
999999-23237,-121.226,37.889,1.8406451612903254
999999-23239,-122.317,37.733,0.8258064516129053
999999-23244,-122.048,37.406,0.8916129032257913
999999-23245,-121.867,36.6,2.9103225806451434
999999-23273,-120.449,34.899,0.7051612903225788
999999-23275,-123.201,39.126,1.5366881720430143
999999-24011,-100.757,46.783,0.5083870967742001
999999-24012,-102.797,46.799,3.230064516129019
999999-24013,-101.273,48.255,0.9780860215053764
999999-24014,-103.617,48.15,2.1422580645161133
999999-24021,-108.726,42.815,0.10870967741932702
999999-24023,-100.669,41.121,-0.9283870967741876
999999-24025,-100.286,44.381,0.8764516129032245
999999-24027,-109.053,41.594,-0.16290322580644556
999999-24028,-103.593,41.871,-0.2154838709677449
999999-24029,-106.969,44.769,-1.17129032258066
999999-24033,-108.542,45.807,-0.45999999999997954
999999-24035,-109.667,48.567,0.0
999999-24036,-109.458,47.049,1.970551659654049
999999-24037,-105.883,46.427,-0.08258064516128627
999999-24057,-107.2,41.8,0.0
999999-24090,-103.054,44.043,-1.813225806451598
999999-24121,-115.789,40.829,-1.3109677419354853
999999-24128,-117.808,40.902,0.6540951790145613
999999-24130,-117.809,44.843,1.2283870967741848
999999-24131,-116.241,43.567,0.960322580645169
999999-24133,-113.766,42.542,-0.5809273266592498
999999-24134,-119.05,43.583,-0.5551935483870949
999999-24135,-112.501,45.965,-0.2606451612903413
999999-24137,-112.375,48.603,2.6251612903225663
999999-24138,-112.554,45.258,-0.08547311827956605
999999-24143,-111.382,47.473,3.158086021505355
999999-24144,-111.964,46.606,1.1873655913978496
999999-24145,-112.067,43.516,1.5677419354838946
999999-24146,-114.264,48.304,2.5916129032258226
999999-24149,-117.016,46.375,1.0167741935484003
999999-24152,-118.425,45.511,0.43741935483870975
999999-24153,-114.093,46.921,1.6361290322580686
999999-24155,-118.855,45.698,2.6338709677419274
999999-24156,-112.571,42.92,-1.03935483870967
999999-24172,-118.569,40.068,-0.5083870967742286
999999-24193,-114.036,40.721,-3.3525806451612823
999999-24215,-122.333,41.333,-0.6800000000000068
999999-24216,-122.254,40.152,1.4538709677419348
999999-24219,-121.166,45.619,1.751612903225805
999999-24221,-123.221,44.128,1.5790322580645153
999999-24225,-122.872,42.381,2.0719354838709876
999999-24227,-122.903,46.973,1.8206451612903294
999999-24230,-121.139,44.256,2.689354838709704
999999-24231,-123.355,43.239,1.8219354838709734
999999-24232,-123.001,44.905,1.275806451612894
999999-24235,-123.364,42.6,0.4870967741935601
999999-24237,-121.337,47.277,2.5083870967742
999999-24240,-124.733,48.383,0.6848387096774218
999999-24243,-120.543,46.568,0.3029032258064319
999999-24244,-122.267,47.683,0.7261290322580862
999999-24255,-122.667,48.35,0.30064516129031915
999999-24259,-122.472,41.781,0.0
999999-24283,-124.109,40.978,4.10870967741937
999999-24284,-124.244,43.413,0.413548387096796
999999-25309,-134.564,58.357,-2.9499999999999957
999999-25322,-135.709,58.411,0.2958064516129042
999999-25333,-135.365,57.048,-1.3051612903225802
999999-25339,-139.671,59.512,-1.8041935483870901
999999-25506,-154.909,59.749,-1.3635483870967562
999999-25507,-151.491,59.642,-0.3654838709677506
999999-25515,-166.85,53.967,0.0
999999-25624,-162.733,55.221,-1.1116129032257973
999999-26403,-147.583,64.85,-0.6200000000000045
999999-26413,-145.267,66.567,-0.4770967741935124
999999-26414,-149.127,63.331,-1.2045161290322568
999999-26417,-146.65,60.233,0.0
999999-26435,-149.072,64.55,-2.752580645161302
999999-26445,-149.54,61.572,-1.4654301075268847
999999-26451,-150.028,61.169,-0.6009677419354702
999999-26494,-147.51,64.974,0.8796774193548202
999999-26510,-155.61,62.957,-1.1470967741935496
999999-26512,-152.302,63.886,-0.9377022332506257
999999-26514,-151.217,61.977,-0.03967741935485947
999999-26516,-159.533,61.583,-0.7616129032258101
999999-26519,-153.883,62.517,-0.5255268817204453
999999-26523,-151.239,60.58,-0.4396774193548225
999999-26528,-150.095,62.32,-1.7385376344086083
999999-26529,-152.107,65.175,-1.5306451612903302
999999-26533,-151.31,66.54,-0.6425806451612956
999999-26616,-162.633,66.867,0.5867741935483863
999999-26617,-165.44,64.511,0.8741935483870975
999999-26627,-160.8,63.883,-0.18419354838709978
999999-26638,-163.017,69.733,-0.9581620318872766
999999-27403,-149.883,70.5,-1.944301075268811
999999-27508,-159.85,70.617,-1.2985584394182794
999999-27512,-153.25,70.917,-1.9199526602429842
999999-27516,-156.611,71.321,1.0761991584852737
999999-42215,127.75,26.267,-0.024193548387103192
999999-53131,-111.17,32.24,0.0
999999-53132,-110.509,31.591,0.0
999999-53877,-82.614,35.495,-0.07225806451610595
999999-53878,-82.557,35.419,0.034516129032255094
999999-53926,-97.091,36.118,0.34774193548388155
999999-53927,-97.108,36.135,0.5206451612903322
999999-53960,-91.873,30.092,0.0
999999-53961,-92.117,32.883,0.0
999999-53968,-95.723,31.78,0.0
999999-54794,-70.928,43.172,-0.19838709677419786
999999-54795,-70.948,43.109,-0.2761290322580834
999999-54796,-71.541,41.491,-0.04870967741935317
999999-54797,-71.542,41.478,-0.16258064516129878
999999-54808,-88.373,40.053,0.0
999999-54811,-88.851,41.843,0.0
999999-63826,-81.328,33.355,-0.3983870967742007
999999-63828,-84.471,31.313,0.2229838709677523
999999-63829,-84.447,31.192,0.20903225806451076
999999-63831,-89.07,32.338,0.0
999999-63838,-84.747,38.095,0.0
999999-93032,-104.75,39.7,-0.0338709677419331
999999-93044,-108.833,35.067,-2.200322580645164
999999-93045,-107.268,33.237,-2.4167741935483775
999999-93101,-117.733,33.667,2.4792580645161166
999999-93102,-118.717,39.417,0.33612903225807145
999999-93104,-117.693,35.688,1.7398924731182746
999999-93105,-112.367,33.433,-0.9677393854392449
999999-93106,-118.05,33.783,3.9312903225806366
999999-93107,-117.133,32.867,5.5470609318996225
999999-93111,-119.117,34.117,3.641290322580673
999999-93114,-117.833,33.7,1.1726344086021498
999999-93115,-117.117,32.567,0.7946949602121833
999999-93116,-119.45,33.25,4.553594470046079
999999-93129,-113.094,37.709,-1.010645161290327
999999-93209,-120.628,35.67,0.8739631336405438
999999-93720,-75.51,38.341,0.5116129032258101
999999-93727,-77.383,34.7,-1.0039187810994292
999999-93729,-75.622,35.233,-0.4516129032257936
999999-93738,-77.464,38.941,0.0
999999-93801,-85.161,34.348,-0.8832382133995225
999999-93804,-81.95,34.917,-0.02967741935485435
999999-93805,-84.353,30.393,-0.7945161290322744
999999-93807,-80.222,36.134,-0.4648387096774371
999999-93814,-84.672,39.043,-2.015161290322581
999999-93815,-84.219,39.906,-1.3996774193548163
999999-93817,-87.521,38.044,-1.919677419354855
999999-93818,-82.5,38.417,0.25451612903225396
999999-93819,-86.279,39.732,-1.270322580645157
999999-93820,-84.606,38.041,-2.461290322580652
999999-93821,-85.739,38.181,-2.5670967741935726
999999-93822,-89.684,39.845,-1.9780645161290238
999999-93828,-87.283,30.4,0.0
999999-93829,-87.267,30.35,0.0
999999-93830,-84.3,33.867,0.7285268817204411
999999-93832,-81.883,30.217,0.6821551928769765
999999-93836,-81.467,31.25,-1.1296774193548345
999999-93837,-81.667,30.233,-2.009999999999991
999999-93839,-89.867,35.35,-2.135354330121217
999999-93841,-87.017,30.717,2.7488101450257574
999999-93842,-84.942,32.516,-0.26677419354837184
999999-93846,-82.71,34.498,0.0
999999-93901,-96.967,32.733,-0.5564516129032455
999999-93909,-94.89,38.832,-1.4030752688172186
999999-93987,-94.754,31.236,-1.980967741935487
999999-93997,-98.809,38.876,-2.8767741935483855
999999-94008,-106.621,48.214,0.293225806451602
999999-94012,-109.763,48.543,0.0
999999-94014,-103.637,48.174,-0.0790322580645153
999999-94059,-105.21,48.489,1.016129032258064
999999-94060,-105.102,48.308,0.9348387096774076
999999-94074,-104.755,40.807,0.0
999999-94077,-103.736,42.425,0.0
999999-94224,-123.883,46.157,1.0574193548387143
999999-94225,-123.93,46.973,0.0
999999-94644,-68.701,44.928,0.0
999999-94645,-67.883,46.96,0.0
999999-94702,-73.129,41.158,-0.7109677419354625
999999-94725,-74.846,44.936,-2.1751612903225777
999999-94728,-73.969,40.779,-1.1274623655914127
999999-94745,-73.708,41.067,-0.1911720430107522
999999-94746,-71.873,42.271,-0.6090322580645164
999999-94789,-73.762,40.639,0.908709677419381
999999-94822,-89.093,42.193,-1.2874416017797472
999999-94824,-84.467,46.25,-2.184516129032261
999999-94830,-83.801,41.589,-1.9612903225806377
999999-94847,-83.331,42.231,0.229032258064521
999999-94849,-83.564,45.072,-0.8212903225806372
999999-94908,-90.704,42.398,-1.3683870967741854
999999-94995,-96.565,40.848,0.16677419354837753
999999-94996,-96.854,40.695,0.19645161290323188
